전화번호,도로명주소,Latitude,Longitude,사업장명
02-2235-1533,서울특별시 강서구 강서로62길 10,37.5628984,126.840429,차지우동물병원
3665-5982,서울특별시 강서구 강서로 333,37.5554718,126.8369299,박동물병원
02-414-0075,서울특별시 송파구 오금로 203,37.50814,127.1166612,페토피아종합동물병원
02-3427-6419,서울특별시 강동구 고덕로83길 32,37.5602761,127.1681898,피카소동물병원
02-358-1591,서울특별시 은평구 연서로29길 24,37.6196405,126.9177319,도그원동물의료센터
02-2065-7585,서울특별시 강서구 강서로 242,37.5471979,126.8368101,강서 더힐 동물병원
02-2636-7645,서울특별시 구로구 경인로 472,37.4979302,126.8710134,서울동물복지지원센터 동물병원(구로)
02-571-4478,서울특별시 강남구 논현로28길 37,37.4842541,127.0448668,대성동물약품병원
955-8400,서울특별시 도봉구 도봉로 875,37.6826755,127.0455403,도담동물병원
02-3412-0067,서울특별시 강남구 일원로 35,37.4906406,127.0812097,서경석동물병원
02-6956-7599,서울특별시 은평구 불광로 59,37.6123503,126.9317118,동물병원 움
02-2650-8275,서울특별시 양천구 목동서로 349,37.5174938,126.8654977,공원옆동물의료센터
2650-8275,서울특별시 양천구 목동서로 349,37.5174938,126.8654977,공원옆동물병원
849-6509,서울특별시 영등포구 신길로 168,37.5072076,126.9112295,우신종합동물병원
02-3280-8275,서울특별시 동작구 상도로 214,37.5050331,126.942383,유케어종합동물병원
02-525-3102,서울특별시 서초구 동작대로 36,37.4796737,126.9821564,VIP동물의료센터 서초동작점
974-0339,서울특별시 중랑구 동일로 899,37.6106647,127.0773901,홍상희동물병원
3917502,서울특별시 종로구 자하문로 305,37.5992803,126.9589824,올리브동물병원
"494-7582,",서울특별시 중랑구 망우로 247,37.5954352,127.08002,로얄동물메디컬센터
2651-1855,서울특별시 양천구 목동중앙본로 100,37.5444748,126.8708956,대현동물병원
02-6956-7502,서울특별시 중구 을지로38길 20,37.5658839,127.0033459,서울동물영상종양센터
802-2811,서울특별시 금천구 시흥대로 172,37.4495167,126.9033111,더조은 동물의료센터
02-545-8875,서울특별시 강남구 도산대로 537,37.5251955,127.052372,청담 고운 피부과 동물병원
02-904-1004,서울특별시 도봉구 도봉로 578,37.6562308,127.0397648,24시 딜라이트 동물의료센터
999-7582,서울특별시 도봉구 우이천로 446-3,37.6531846,127.0171099,동물병원 비아츠
02)2062-7982,서울특별시 양천구 목동동로 309,37.5293731,126.8760838,펫사랑동물병원
02-2217-8930,서울특별시 동대문구 전농로 80,37.5719483,127.0575928,아이원 동물병원
02-2647-1772,서울특별시 양천구 등촌로 58,37.5351276,126.8637766,하니동물병원
02-423-5755,서울특별시 송파구 송파대로 567,37.5152448,127.0948683,더오동물병원
02-922-7555,서울특별시 성북구 보문로 51,37.5799763,127.0219929,포포동물병원
02-2135-5611,서울특별시 강서구 공항대로 228,37.5586285,126.8327075,율동물의료센터
2693-8883,서울특별시 양천구 중앙로 295,37.5225681,126.8514082,우신동물병원
1577-6125,서울특별시 강남구 도산대로 445,37.5245586,127.0446434,이리온동물의료원(청담점)
02-540-7522,서울특별시 강남구 언주로 813,37.5229931,127.0328786,케어덴 동물치과&내과병원
02-2662-8111,서울특별시 강서구 마곡중앙1로 72,37.5595407,126.8193505,24시 강서 젠틀리동물의료센터
02-6953-7599,서울특별시 송파구 백제고분로 506,37.5151641,127.1155702,바로슬동물병원
02-2242-0175,서울특별시 동대문구 한천로 164,37.5755126,127.0676783,스마트동물병원
02-903-7582,서울특별시 강북구 노해로 65,37.6414521,127.0222657,24시 수유 바른펫 동물의료센터
02-508-7583,서울특별시 강남구 역삼로 234,37.4970897,127.0422033,드림동물병원
853-7582,서울특별시 금천구 남부순환로 1386,37.47973,126.9047274,우리동물메디컬센터
457-4545,서울특별시 광진구 광나루로 507,37.5452435,127.0859569,광진동물의료센터
792-7602,서울특별시 용산구 보광로 90,37.5311078,126.9958299,청화종합동물병원
02-402-3270,서울특별시 송파구 법원로4길 6,37.4948255,127.0120556,동물병원알루
02-6953-0475,서울특별시 동작구 서달로 150,37.5066658,126.9621884,스무해 동물병원
02-433-0787,서울특별시 중랑구 중랑천로 81,37.5924376,127.0726366,중랑차동물병원
02-356-7547,서울특별시 은평구 연서로 72,37.6055793,126.9158431,진솔동물병원
02-813-7579,서울특별시 동작구 상도로 43,37.5000152,126.9254647,피닉스동물병원
02-784-7588,서울특별시 영등포구 국제금융로7길 22,37.5232129,126.933086,헬로우동물병원 여의도점
02-439-8300,서울특별시 중랑구 면목로 341,37.5823489,127.0882923,혜원동물병원
02-6479-7582,서울특별시 송파구 가락로 69,37.5001445,127.1038197,동물병원 유피
269527519,서울특별시 은평구 연서로 122,37.6095895,126.9168125,24시예담동물의료센터
02-6978-9296,서울특별시 서초구 원터2길 4,37.4442443,127.0564277,나비셀 동물의료센터
070-7733-8505,서울특별시 도봉구 마들로13길 61,37.6578701,127.0464066,동물진료법인 포레스트
02-443-2222,서울특별시 송파구 동남로 161,37.4928086,127.1281483,에코동물병원
02-861-7582,서울특별시 관악구 시흥대로 552-1,37.4822528,126.9014869,고려동물병원
02-3442-5554,서울특별시 강남구 선릉로152길 17,37.524441,127.0410589,그레이스 고양이 병원
02-418-0724,서울특별시 송파구 올림픽로 76,37.5115663,127.0790214,24시잠실ON동물의료센터
02-887-1575,서울특별시 관악구 남부순환로 1678,37.4842117,126.9368197,이로동물의료센터
02-307-3355,서울특별시 마포구 상암산로1길 24 (상암동,37.577686,126.8886889,아프지말게 동물병원
02-2088-2878,서울특별시 송파구 중대로 320,37.5086008,127.1339812,엘 동물병원
02-445-5022,서울특별시 강남구 자곡로 202,37.4747354,127.1048177,힐스타동물병원
02-2039-9780,서울특별시 서초구 신반포로23길 30,37.5087874,127.0035738,파파동물병원
02-713-8275,서울특별시 마포구 백범로31길 7,37.5456175,126.9487941,힐링 24시 동물병원
457-2220,서울특별시 광진구 뚝섬로 541,37.5349189,127.0703778,준동물병원
426-7509,서울특별시 강동구 동남로81길 82,37.5590665,127.1525354,비타민동물병원
02-375-7222,서울특별시 마포구 월드컵북로 336,37.576043,126.8946596,상암동물병원
02-323-7582,서울특별시 마포구 신촌로 16,37.5580089,126.9280891,마리동물병원
02-837-8875,서울특별시 관악구 남부순환로 1429,37.4811834,126.9095682,러브펫종합동물병원
02-6215-3416,서울특별시 중랑구 동일로 640,37.5976182,127.0790622,로얄동물암치료센터
070-8660-0904,서울특별시 중랑구 동일로 640,37.5976182,127.0790622,로얄동물메디컬센터 본원
02-305-8275,서울특별시 서대문구 거북골로 178,37.5771814,126.9108988,가재울봉쥬르동물병원
306-8575,서울특별시 은평구 증산로 267,37.5817999,126.9070441,한수24시동물병원
02-457-4545,서울특별시 광진구 광나루로 507,37.5452435,127.0859569,광진동물의료센터
02-701-7580,서울특별시 마포구 신촌로 110,37.5551608,126.9381296,웨스턴 동물의료센터
02-400-0075,서울특별시 송파구 중대로 80,37.4917382,127.1177515,펫가든동물병원
02-365-7582,서울특별시 서대문구 신촌로35길 10,37.5582587,126.9558611,마음을 나누는 동물병원
02-555-2272,서울특별시 송파구 가락로 169,37.5040824,127.1138736,라온펫동물병원
070-8660-0936,서울특별시 중랑구 동일로 640,37.5976182,127.0790622,로얄동물외과수술센터
900-7710,서울특별시 노원구 월계로45길 28 (월계동,37.6269404,127.0512537,유림동물병원
6224-3858,서울특별시 노원구 동일로203가길 29 (중계동,37.6399359,127.0642574,브라운동물병원
930-7975,서울특별시 노원구 동일로 1689 (상계동,37.679119,127.0548865,수 동물병원
02-938-1122,서울특별시 노원구 한글비석로 272,37.6517354,127.0775931,참사랑동물병원
979-8275,서울특별시 노원구 동일로 1280,37.6427206,127.0665677,우리들동물종합병원
949-5975,서울특별시 노원구 공릉로 168,37.6250052,127.080072,미래동물병원
02-2676-7582,서울특별시 영등포구 영등포로 85-1,37.5223389,126.8911691,24시 수 동물메디컬센터
02-325-2026,서울특별시 마포구 독막로 45,37.5480959,126.9183855,홍익동물종합병원
512-3331,서울특별시 강남구 영동대로 630,37.5164971,127.059487,중앙동물메디컬센터
27925455,서울특별시 용산구 이촌로 248,37.5193297,126.9750267,이상윤동물병원
2661-7515,서울특별시 강서구 마곡중앙1로 72,37.5595407,126.8193505,마곡나무 동물병원
02-359-2020,서울특별시 은평구 통일로 817,37.6165464,126.9231743,Dr.윤24시동물병원
02-2607-7582,서울특별시 양천구 신월로 124,37.5162771,126.8377522,신월동물병원
02-6949-0413,서울특별시 양천구 목동중앙로 89,37.5372665,126.8718683,봄날동물병원
839-7585,서울특별시 구로구 도림로 72,37.4893228,126.8916729,라라동물의료원
02-358-1591,서울특별시 은평구 연서로29길 24,37.6196405,126.9177319,도그원 동물의료센터
02-2281-5200,서울특별시 성동구 왕십리로 282,37.5596614,127.0370141,한양동물메디컬센터
02-484-7975,서울특별시 강동구 양재대로 1609,37.5492721,127.143436,동물병원 공감
02-6952-3676,서울특별시 강서구 강서로 506,37.5706448,126.8421315,보타닉동물병원
02-6207-5551,서울특별시 강남구 언주로7길 6,37.477066,127.0554648,헤이든동물병원
02-419-5959,서울특별시 송파구 송파대로49길 52,37.506088,127.0989735,석촌호수동물병원
02-423-2088,서울특별시 송파구 백제고분로 294,37.5024251,127.0993625,한걸음더 재활한방 동물병원
02-762-7582,서울특별시 종로구 창경궁로35길 19,37.5868304,127.0016898,뉴욕동물병원
02-544-2882,서울특별시 강남구 도산대로 540,37.5245027,127.0527589,청담리덴동물치과병원
02-302-7502,서울특별시 마포구 월드컵북로 224,37.5698147,126.9044547,행복한 동물병원
02-304-7772,서울특별시 은평구 수색로 322,37.5842799,126.8925933,수색동물병원
939-6898,서울특별시 노원구 한글비석로52길 18,37.6652985,127.0665267,이앤박동물병원
02-439-7582,서울특별시 중랑구 상봉로 17,37.5874954,127.0941262,닥터멍동물병원
070-4349-3357,서울특별시 송파구 석촌호수로 104,37.5077669,127.0884542,도그마루 동물병원
02-932-0075,서울특별시 노원구 노원로 408,37.6531769,127.0681256,한국동물암센터
02-302-7502,서울특별시 서대문구 가좌로 113,37.5825801,126.9255531,장승준동물치과병원
264546182,서울특별시 성동구 왕십리로 241,37.5536986,127.0391633,바우라움동물병원
269587515,서울특별시 성동구 왕십리로 241,37.5536986,127.0391633,오즈동물병원
27909808,서울특별시 성동구 고산자로6길 40,37.5582591,127.0355555,BK심장동물병원
583-7580,서울특별시 서초구 서초대로15길 8-10,37.4871634,126.9906812,HELP 유기동물 의료센터
02-822-0275,서울특별시 동작구 현충로 92,37.5080505,126.9640095,흑석24시동물병원
02-2138-3877,서울특별시 용산구 한강대로 95,37.5291079,126.9669814,위런한방재활동물병원
926-8275,서울특별시 성북구 보문로 99,37.5839384,127.0198341,24시 애니동물병원
02-3663-6575,서울특별시 강서구 화곡로 398,37.5584079,126.8550157,웰니스동물병원
5011139,서울특별시 강남구 남부순환로 2921,37.4936059,127.0597001,대치성심동물병원
02-946-0011,서울특별시 강북구 삼양로24길 19,37.617204,127.0221045,아이사랑동물병원
02-403-7588,서울특별시 송파구 오금로 332,37.50142,127.1284717,리틀버드서울 버드앤주클리닉
6978-9500,서울특별시 금천구 가산디지털2로 98,37.4767866,126.8806076,나비셀 동물의료센터
512-0075,서울특별시 강남구 논현로67길 56,37.4931656,127.0354302,츄츄 동물병원
070-4351-3854,서울특별시 노원구 노원로 408,37.6531769,127.0681256,앤(N)고양이병원
02-6956-5259,서울특별시 송파구 양재대로 1164,37.5110772,127.1283976,올림픽동물의료센터
02)6953-7576,서울특별시 양천구 등촌로 10,37.5307466,126.8642653,24시 로운동물의료센터
02-921-2413,서울특별시 동대문구 무학로 201,37.5821511,127.0293568,서울동물복지지원센터 동대문 동물병원
02-2135-8257,서울특별시 강동구 구천면로 670,37.5508582,127.1723767,상일 쓰담쓰담 동물병원
02-6956-3383,서울특별시 서대문구 거북골로 100,37.5761325,126.917483,바른동물메디컬센터
02-406-4814,서울특별시 송파구 거마로 56,37.4954616,127.1494859,동물의왕국동물병원
02-597-8985,서울특별시 관악구 과천대로 909,37.4714783,126.9824131,아이러브펫동물병원
02-2611-1925,서울특별시 구로구 고척로 156,37.5031898,126.8511947,메리트원 동물의료센터
222052975,서울특별시 성동구 서울숲2길 32-14,37.5457822,127.0424788,성수 숲속 피부과 동물병원
02-435-7582,서울특별시 중랑구 용마산로 670,37.5907951,127.0947948,산들동물병원
2256-7582,서울특별시 중구 동호로 178,37.5543109,127.0114858,웰펫동물병원
02-426-8875,서울특별시 강동구 올림픽로 820,37.5540637,127.1292334,프라임 동물의료센터
02-875-7579,서울특별시 관악구 남부순환로 1811,37.481735,126.951446,서울허브동물병원
02-511-7522,서울특별시 강남구 삼성로133길 7,37.5194404,127.0490303,VIP 반려동물 암센터
2038-8253,서울특별시 광진구 천호대로 623-1,37.5545525,127.0870761,서울동물병원
02-467-5656,서울특별시 성동구 아차산로 75,37.5463387,127.0535209,성동제일동물병원
457-7582,서울특별시 광진구 아차산로 537-17,37.5431792,127.0995622,나루동물병원
02-455-5975,서울특별시 광진구 자양로 65,37.5336305,127.0843643,아이본 동물병원
452-7580,서울특별시 광진구 천호대로 663,37.5517919,127.0902248,아차산동물병원
450-9372,서울특별시 광진구 능동로 216,37.5495886,127.081578,서울어린이대공원동물병원
02-498-7588,서울특별시 광진구 광나루로 361,37.548475,127.0697258,파라곤동물병원
226987582,서울특별시 양천구 신월로 208,37.520507,126.8453872,24시월드펫동물메디컬센터
457-8575,서울특별시 광진구 뚝섬로 622-1,37.5320502,127.0787833,로엘동물병원
02-6954-7582,서울특별시 광진구 뚝섬로 670,37.5315966,127.0839381,해맑은동물병원
02-2024-1253,서울특별시 광진구 아차산로 272 (자양동,37.531692,127.074516,쿨펫동물병원
3421-9075,서울특별시 중랑구 신내로 201,37.6157942,127.0937634,도그플러스 동물병원
02-3427-6419,서울특별시 강동구 구천면로 431,37.5502561,127.146727,피카소동물병원
990-7588,서울특별시 강북구 도봉로98길 56,37.640847,127.0327599,동물을사랑하는사람들
999-9110,서울특별시 강북구 노해로 94,37.6437664,127.0230329,현대종합동물병원
02-988-0251,서울특별시 강북구 월계로 35,37.6111169,127.0337938,창문동물병원
955-2882,서울특별시 도봉구 방학로 187,37.6612909,127.0317101,유현동물병원
951-7582,서울특별시 노원구 동일로 1370,37.6509224,127.0618808,한빛종합동물병원
908-7585,서울특별시 노원구 동일로 1356,37.6500651,127.0622174,시마동물병원
02-373-7500,서울특별시 서대문구 응암로 76,37.5796412,126.9114362,위드 동물병원
309-8275,서울특별시 서대문구 거북골로 120,37.5759735,126.9156593,프란다스동물병원
373-2923,서울특별시 서대문구 가좌로 104,37.582045,126.9267082,백년동물병원
02-2232-7975,서울특별시 중구 퇴계로 447,37.5661712,127.0219095,바른동물병원
732-3827,서울특별시 종로구 자하문로 66-2,37.582026,126.970952,효자동물병원
02-477-1775,서울특별시 강동구 천호대로 1120,37.5344438,127.1356252,내품에동물병원
02-470-0030,서울특별시 강동구 양재대로 1376 (둔촌동,37.5288337,127.1371945,Dr.주 동물병원
02-6497-7582,서울특별시 강동구 양재대로 1588 (명일동,37.5472769,127.1436727,미드미동물의료센터
02-484-5252,서울특별시 강동구 풍성로 145,37.5312799,127.128135,성내동물병원
02-2694-7575,서울특별시 양천구 신월로 179,37.5191847,126.843014,신월라온동물의료센터
2606-1990,서울특별시 양천구 지양로 52,37.5205195,126.8349234,일오삼동물병원
02-474-7588,서울특별시 강동구 상암로 64,37.5487997,127.1302588,정동물병원
02-487-7575,서울특별시 강동구 양재대로 1508,37.5402022,127.141229,열린24시동물병원
02-474-5100,서울특별시 강동구 양재대로 1385,37.5299048,127.136593,둔촌동물병원
02-472-7343,서울특별시 강동구 양재대로 1532,37.5423777,127.141933,강동동물병원
02-488-3703,서울특별시 강동구 구천면로 238,37.5416689,127.1308499,현대종합동물병원
02-427-5685,서울특별시 강동구 동남로73길 26,37.5532419,127.1547783,해태동물병원
02-442-7772,서울특별시 강동구 구천면로 498-1,37.549028,127.1536787,두루동물병원
846-4597,서울특별시 영등포구 도림로 153,37.4943165,126.8985677,두암동물병원
02-488-7463,서울특별시 강동구 올림픽로 703,37.5442597,127.125197,쥬라기동물병원
02-488-7510,서울특별시 강동구 구천면로 322,37.5480593,127.1356338,CH동물병원
02-474-0117,서울특별시 강동구 구천면로 289,37.5458538,127.1334474,다래동물병원
02-888-8807,서울특별시 관악구 신림로 233,37.4772314,126.9352616,서울종합동물병원
02-449-0101,서울특별시 송파구 마천로5길 16,37.5095183,127.1272173,늘푸른동물병원
3473-6943,서울특별시 서초구 효령로53길 45 (서초동,37.4865561,127.0128914,닥터캣연구원 동물병원
02-441-8588,서울특별시 강동구 고덕로 101,37.5549198,127.1367208,가나동물병원
592-0202,서울특별시 서초구 서초중앙로 224,37.5015999,127.0132355,꿈꾸는 동물병원
02-2604-0156,서울특별시 양천구 오목로 280,37.5251601,126.8682253,리베동물메디컬센터
02-539-3339,서울특별시 강남구 삼성로 212 (대치동,37.4959134,127.0618177,대치수동물병원
02-575-7999,서울특별시 강남구 선릉로 225,37.4953404,127.0526522,고려종합동물병원
02-546-9539,서울특별시 강남구 논현로132길 24,37.5151523,127.0323757,최영민 동물의료센터
02-484-8414,서울특별시 강동구 구천면로 237,37.5417464,127.1304096,세종동물병원
02-484-0075,서울특별시 강동구 천호대로 1199,37.5351249,127.1441422,길종합동물병원
907-1565,서울특별시 강북구 덕릉로 79,37.6348028,127.0226133,동물병원 위드
02-511-7522,서울특별시 강남구 삼성로133길 7,37.5194404,127.0490303,VIP동물한방재활의학센터by.Dr.신사경
02-429-8822,서울특별시 강동구 상일로 13,37.5482554,127.1731039,GD동물병원
02-3426-5079,서울특별시 강동구 올림픽로 793,37.5520109,127.1279099,암사동물병원
7323827,서울특별시 종로구 자하문로 66-2,37.582026,126.970952,효자동물병원
02-2135-7228,서울특별시 영등포구 신길로 29,37.5034248,126.9083617,동물병원예지
464-2748,서울특별시 광진구 뚝섬로 462,37.5368873,127.0617784,노룬산동물병원
949-7577,서울특별시 중랑구 동일로 925,37.612956,127.0768147,치료해 주오
02-2237-7582,서울특별시 중구 다산로 32,37.5490132,127.0092806,힐스타운 동물병원
02-867-7776,서울특별시 관악구 남부순환로 1444,37.4809038,126.9112754,스누피동물병원
900-7555,서울특별시 도봉구 해등로26길 7,37.6585049,127.0326011,아이조은동물병원
736-5834,서울특별시 서대문구 통일로 375,37.5835245,126.9493005,빛가온동물병원
02-322-1275,서울특별시 마포구 동교로 193,37.5577074,126.9225061,워너비 동물병원
02-529-5575,서울특별시 강남구 도곡로 189,37.492431,127.0400167,예은동물병원
02-6949-5775,서울특별시 강동구 양재대로 1453,37.5357004,127.1388826,펫트리동물의료센터
02-529-7577,서울특별시 강남구 논현로 18,37.473015,127.0498693,위드펫동물병원
02-3394-7530,서울특별시 성동구 천호대로 288,37.5664051,127.0527472,24시LC동물의료센터
02-2060-7975,서울특별시 구로구 개봉로20길 26,37.4932221,126.8564207,모두동물병원
02-420-9993,서울특별시 송파구 가락로 162,37.5032577,127.1134375,한양동물병원
02-830-1494,서울특별시 강동구 고덕로 353,37.5579056,127.162626,동물병원 베를린
02-867-7776,서울특별시 금천구 독산로 70-1,37.4536287,126.9063447,허브동물병원
24610079,서울특별시 광진구 능동로 18,37.5329888,127.0680604,반디동물병원
02-2233-6675,서울특별시 중구 다산로36길 83,37.5605257,127.0191101,신당 좋아요 동물병원
847-6759,서울특별시 영등포구 여의대방로 201,37.5049815,126.9220178,한국동물병원
02-979-8575,서울특별시 노원구 동일로 1025,37.6215929,127.0739618,메인동물병원
02-2635-2475,서울특별시 영등포구 양평로 5,37.5320913,126.9050405,이든동물의료센터
02-523-0275,서울특별시 서초구 서초대로4길 4,37.4854693,126.9852134,심바동물병원
02-424-7552,서울특별시 송파구 석촌호수로 146,37.506889,127.0931686,행복한 우리아이 동물병원
02-511-7522,서울특별시 강남구 삼성로133길 7,37.5194404,127.0490303,VIP동물의료센터 청담점
02-441-2202,서울특별시 강동구 고덕로 262,37.5546405,127.1546233,아이안 동물의료센터
0507-1330-1480,서울특별시 송파구 올림픽로 240,37.5112862,127.0979392,웰니스동물병원(롯데월드점)
598-9875,서울특별시 서초구 사임당로 97,37.4902812,127.0203709,강남서초 동물병원
02-6953-7576,서울특별시 강서구 등촌로 223,37.5496243,126.8633842,로운동물의료센터
02-419-7571,서울특별시 송파구 백제고분로 432,37.509254,127.111872,송파원동물병원
02-719-7052,서울특별시 마포구 신촌로 258,37.5570916,126.9542989,소망동물병원
450-0472,서울특별시 광진구 능동로 120,37.5425408,127.0737253,건국대학교 부속 동물병원
3439-7533,서울특별시 구로구 경인로 661,37.5094204,126.8877437,아이러브펫동물병원(신도림점)
02-549-0275,서울특별시 강남구 도산대로 213 (신사동,37.5207257,127.0299801,24시 스마트동물병원(신사본원)
02-571-8275,서울특별시 영등포구 경인로 832,37.5156848,126.9054135,경인동물의료센터
02-715-0075,서울특별시 마포구 대흥로 24 (용강동,37.5411724,126.9446581,닥터 호오 동물병원
929-1212,서울특별시 성북구 종암로 91,37.5983898,127.0343515,미소동물병원
262720075,서울특별시 서대문구 가재울미래로 2,37.5722576,126.9178374,햇살동물병원
02-703-0075,서울특별시 용산구 백범로 341,37.5382753,126.9673632,좋아서하는 동물병원
3421-7588,서울특별시 중랑구 신내로 211,37.6163253,127.0926776,쥬라기동물병원
02-515-8575,서울특별시 강남구 학동로20길 39,37.5107907,127.0278621,순수동물병원
02-2642-7588,서울특별시 양천구 신월로 355,37.5223384,126.8604835,우리들동물메디컬센터
02-711-3375,서울특별시 마포구 독막로 295 (염리동,37.5446993,126.9460445,굿모닝 동물병원
24550975,서울특별시 광진구 광나루로 524,37.5447226,127.0876824,연두동물병원
02-442-2223,서울특별시 강동구 고덕로 162,37.5545202,127.1433336,늘사랑동물병원
02-442-8287,서울특별시 강동구 올림픽로 820,37.5540637,127.1292334,마리스동물의료센터
02-476-7582,서울특별시 강동구 양재대로 1603,37.5488065,127.1433478,안단테 동물의료센터
02-428-7893,서울특별시 강동구 구천면로 446,37.5492686,127.1475305,사랑이있는동물병원
02-476-3927,서울특별시 강동구 양재대로 1299,37.5224537,127.1336511,방주동물의료센터
02-428-1661,서울특별시 강동구 올림픽로 787,37.5514792,127.1277197,올바른동물병원
02-486-4252,서울특별시 강동구 천호대로 1186,37.5339608,127.1432287,김태화동물병원
02-441-5515,서울특별시 강동구 아리수로50길 50 (고덕동,37.558949,127.1470826,고덕 고래힐동물병원
02-402-5746,서울특별시 송파구 동남로18길 23,37.494233,127.133072,영국동물병원
02-2039-9930,서울특별시 광진구 자양로15길 30,37.5356847,127.0819003,우주동물병원
02-3395-7975,서울특별시 성동구 고산자로 207,37.5586791,127.0336913,24시센트럴동물메디컬센터
02-387-7582,서울특별시 은평구 은평로 93,37.5997808,126.9181271,24시스마트동물메디컬센터
02-6953-7512,서울특별시 강동구 상일로 153,37.5606648,127.1704374,도담동물병원
02-6454-6182,서울특별시 성동구 왕십리로 241,37.5536986,127.0391633,바우라움동물병원
973-7588,서울특별시 노원구 화랑로 349,37.6153932,127.066658,우솔종합동물병원
02-518-7500,서울특별시 강서구 화곡로 371,37.5569656,126.8521759,강서YD동물의료센터
02-442-8875,서울특별시 강동구 고덕로 110,37.554528,127.1374751,스마트동물병원 강동암사점
02-2295-9888,서울특별시 성동구 왕십리로 410,37.56611,127.0276467,베이지동물병원
02-2214-6129,서울특별시 동대문구 전농로 77,37.571804,127.0571017,그랜드동물병원
02-808-2475,서울특별시 금천구 시흥대로 251 (시흥동,37.4561179,126.8995349,금천 24시 K동물의료센터
02-457-0075,서울특별시 강동구 천호대로 1171,37.5341569,127.1413865,동물영상진단센터/나음고양이병원
02-6956-7502,서울특별시 중구 을지로38길 20,37.5658839,127.0033459,헬릭스동물암센터
02-448-6400,서울특별시 송파구 위례송파로 77,37.4848583,127.1443494,24시 스탠다드 동물의료센터
953-0075,서울특별시 성북구 동소문로 73,37.5923096,127.0134279,VIP 동물의료센터
02-6953-7587,서울특별시 송파구 송파대로 567,37.5152448,127.0948683,잠실동물병원
02-476-8275,서울특별시 강동구 천호대로 1057,37.5372433,127.1295025,시온동물병원
02-6203-7588,서울특별시 강남구 언주로 542,37.5066962,127.0408665,서울동물심장병원
02-880-8661,서울특별시 관악구 관악로 1 (신림동,37.480967,126.953148,서울대학교 수의과대학 동물병원
2256-8275,서울특별시 중구 다산로 32,37.5490132,127.0092806,남산동물병원
02-478-2208,서울특별시 강동구 천호대로191길 6,37.5354082,127.1444824,양지가축동물병원
2233-7574,서울특별시 중구 다산로 107,37.5536529,127.0096507,미래지동물의료센터
869-7582,서울특별시 구로구 구로중앙로 107,37.4981264,126.8857417,24시 지구촌 동물메디컬 센터
02-549-4505,서울특별시 강남구 도산대로 206,37.5196337,127.0290227,신사동물병원
02-457-0075,서울특별시 강동구 천호대로 1171,37.5341569,127.1413865,로얄동물메디컬센터 강동
02-6953-7502,서울특별시 송파구 삼전로 56,37.5037618,127.0878801,헬릭스동물메디컬센터 송파분원
2263-6134,서울특별시 중구 퇴계로 227,37.5620602,126.9968918,대한동물병원
02-812-7585,서울특별시 동작구 양녕로 277-1,37.5043895,126.9493961,품 동물의료센터
379-7575,서울특별시 종로구 평창문화로 75,37.6068198,126.9692177,월드펫동물병원
02-6949-2475,서울특별시 강동구 성내로 48,37.5285304,127.1251485,더파크동물의료센터
907-7512,서울특별시 도봉구 시루봉로 59,37.6561902,127.0277183,사랑해요동물병원
02-797-4408,서울특별시 강남구 테헤란로8길 46,37.4958617,127.0322271,동물치과병원메이
2278-0075,서울특별시 중구 퇴계로 254-1,37.5623708,127.0000055,황동물병원
0507-1350-7229,서울특별시 마포구 광성로 17,37.5510707,126.9344114,신촌 숲 동물병원
262170202,서울특별시 동대문구 전농로 57-1,37.5701264,127.05692,동대문 루시드 동물메디컬센터
02-3471-0375,서울특별시 동작구 동작대로 47,37.4809108,126.9812668,다나동물병원
02-797-1275,서울특별시 용산구 서빙고로 35,37.525111,126.9691452,워너비동물병원 용산점
2274-8558,서울특별시 중구 퇴계로 226,37.5616278,126.9968561,윤신근박사동물병원
732-3827,서울특별시 종로구 자하문로 66-2,37.582026,126.970952,효자동물병원
732-3827,서울특별시 종로구 자하문로 66-2,37.582026,126.970952,효자동물병원
379-7575,서울특별시 종로구 진흥로 473,37.6062848,126.9605225,월드펫동물병원
02-733-6030,서울특별시 종로구 자하문로 95,37.5844499,126.9699805,선동물병원
02-744-9098,서울특별시 종로구 지봉로 53-1,37.5749017,127.0155112,해동물병원
391-4575,서울특별시 종로구 자하문로 293,37.5988869,126.9602501,북악동물병원
02-6953-7502,서울특별시 송파구 삼전로 56,37.5037618,127.0878801,리베동물메디컬센터
3676-1190,서울특별시 종로구 지봉로 96-3,37.578706,127.0156445,우리동물병원
02-735-7530,서울특별시 종로구 사직로12길 2,37.5757926,126.9710648,누리봄동물병원
722-8275,서울특별시 종로구 자하문로 35-3,37.5790422,126.9711636,광화문동물병원
3672-8441,서울특별시 종로구 창경궁로 261,37.5846476,127.0001899,대학로동물병원
3216-7582,서울특별시 종로구 세검정로 313,37.6005917,126.9587368,평창동물병원
764-0075,서울특별시 종로구 혜화로 11,37.5865518,127.0000904,성현동물병원
3216-7582,서울특별시 종로구 평창문화로 31,37.6049246,126.9650311,평창동물병원
732-3827,서울특별시 종로구 자하문로 66-2,37.582026,126.970952,효자동물병원
733-5060,서울특별시 종로구 통일로 238,37.5724271,126.9613598,독립문동물병원
732-3827,서울특별시 종로구 자하문로 66-2,37.582026,126.970952,효자동물병원
02-2038-7555,서울특별시 중구 다산로 230,37.5634982,127.0159751,메종동물병원
2237-3366,서울특별시 중구 다산로 175,37.5592923,127.0128412,바우미우동물병원
02-2234-7585,서울특별시 중구 청계천로 400,37.5709778,127.021434,웰니스클리닉(청계천점)
02-2282-3653,서울특별시 성동구 독서당로 328,37.5479091,127.0252856,펫 365 동물병원
02-521-0525,서울특별시 서초구 서초중앙로 45,37.4857848,127.0154469,시니어 동물병원
02-478-2208,서울특별시 강동구 천호대로191길 6,37.5354082,127.1444824,양지가축동물병원
461-0079,서울특별시 광진구 능동로 18,37.5329888,127.0680604,반디동물병원
457-0231,서울특별시 광진구 뚝섬로 619,37.5324828,127.0785747,펫프라자동물병원
2237-7533,서울특별시 중구 동호로 204,37.5562164,127.0099543,차지우동물병원
2238-6306,서울특별시 중구 다산로 145-1,37.5568814,127.011556,문화동물병원
02-2232-9702,서울특별시 중구 다산로 83-1,37.5520737,127.0080362,애니컴 메디컬센터
02-2039-0303,서울특별시 중구 왕십리로 407,37.5642528,127.0249164,24시SD동물의료센터성동
02-6965-7502,서울특별시 중구 을지로38길 20,37.5658839,127.0033459,헬릭스동물심장수술센터
02-393-7588,서울특별시 중구 만리재로 175,37.5542175,126.9634093,백슬동물병원
02-2253-2233,서울특별시 중구 난계로 197,37.5691104,127.0232663,웰튼동물의료센터
070-8868-7585,서울특별시 중구 청계천로 400,37.5709778,127.021434,웰니스 클리닉(청계천점)
02-2237-7582,서울특별시 중구 다산로 32,37.5490132,127.0092806,그녀의 동물병원
02-742-6021,서울특별시 중구 동호로11길 32,37.553928,127.0091496,올댓동물병원
02-2210-2539,서울특별시 중구 다산로 178,37.5592988,127.0134213,한국양봉농협 동물병원
2263-8388,서울특별시 중구 퇴계로 238,37.5619174,126.9981681,동국동물병원
797-5300,서울특별시 용산구 이촌로 248,37.5193297,126.9750267,이촌종합동물병원
796-5008,서울특별시 용산구 회나무로 43 (이태원동,37.5398446,126.9913445,갤러리동물병원
754-4978,서울특별시 용산구 후암로 13-2,37.5472241,126.9778771,이수의과의원
713-0053,서울특별시 용산구 백범로 341,37.5382753,126.9673632,엉클장동물병원
795-2184,서울특별시 용산구 대사관로 32,37.5335085,127.0016834,펫토이동물병원
778-7582,서울특별시 용산구 후암로 51,37.5504983,126.9771055,남산동물병원
711-4527,서울특별시 용산구 백범로 293,37.5393178,126.9618868,효창동물병원
02-719-8275,서울특별시 용산구 청파로47길 16,37.5449793,126.9694907,원스동물병원
02-6956-2280,서울특별시 용산구 이태원로 227,37.5356651,126.9988257,더벳한남동물병원
793-9230,서울특별시 용산구 대사관로24길 28,37.5324217,127.0052773,한남동물병원
3273-0075,서울특별시 용산구 원효로 171,37.5356243,126.961753,열린동물종합병원
3275-0079,서울특별시 용산구 백범로 285,37.5395968,126.9610827,펫동물병원
706-7975,서울특별시 용산구 효창원로 14,37.5342796,126.9511238,차오름동물병원
794-1255,서울특별시 용산구 한남대로 76,37.5355647,127.0065155,달래동물의료센터
707-2235,서울특별시 용산구 원효로 51,37.5340275,126.9504087,민트동물병원
02-790-7508,서울특별시 용산구 신흥로 54,37.5431004,126.9878326,퍼스동물병원
02-792-2561,서울특별시 용산구 서빙고로 67,37.5242741,126.9706849,바다동물병원(Bada Animal Hospital)
02-749-7588,서울특별시 용산구 이촌로 248,37.5193297,126.9750267,베이동물병원
749-8275,서울특별시 용산구 신흥로 36-1,37.5417046,126.9873984,한사랑동물병원
798-7512,서울특별시 용산구 이촌로 300,37.517895,126.9800405,금강동물병원
792-7585,서울특별시 용산구 회나무로13길 6,37.5396459,126.9895614,라온동물병원
719-7070,서울특별시 용산구 새창로 122-2,37.5365398,126.9607317,원효종합동물병원
797-6677,서울특별시 용산구 녹사평대로 210,37.5364077,126.9872392,이태원동물병원
02-792-8275,서울특별시 용산구 독서당로 81-1,37.5346908,127.0096041,더힐동물의료센터
792-5455,서울특별시 용산구 이촌로 248,37.5193297,126.9750267,(주)이상윤동물병원
790-9808,서울특별시 용산구 보광로 22-1,37.5265218,127.0007584,보광동물병원
749-6750,서울특별시 용산구 보광로 46,37.5283742,126.9992139,21세기동물병원
02-793-0075,서울특별시 용산구 이촌로64길 24,37.5200071,126.9699075,24시 시유동물메디컬센터
773-1119,서울특별시 용산구 후암로 32,37.5487103,126.9779393,아프리카동물병원
794-7588,서울특별시 용산구 우사단로10길 80,37.5320285,126.9996826,성심동물병원
794-7588,서울특별시 용산구 우사단로10길 80,37.5320285,126.9996826,성심동물병원
796-5008,서울특별시 용산구 회나무로 43,37.5398446,126.9913445,갤러리동물병원
794-4945,서울특별시 용산구 녹사평대로 210,37.5364077,126.9872392,이태원동물병원
795-8608,서울특별시 용산구 이촌로 245 (이촌동,37.5200574,126.9745365,구림동물병원
797-2254,서울특별시 용산구 회나무로 43,37.5398446,126.9913445,갤러리동물병원
794-7588,서울특별시 용산구 우사단로10길 80,37.5320285,126.9996826,성심동물병원
02-2293-4242,서울특별시 성동구 왕십리로 373,37.5642784,127.0285549,영진동물병원
6375-8275,서울특별시 용산구 한남대로 60 (한남동,37.5344703,127.0078999,한스동물병원
790-9808,서울특별시 용산구 보광로 22-1,37.5265218,127.0007584,보광동물병원
790-0475,서울특별시 용산구 회나무로 9,37.5387094,126.9878498,ANYPET동물병원
2012-3875,서울특별시 용산구 한강대로23길 55,37.529557,126.9641567,러브펫동물병원
2012-1256,서울특별시 용산구 한강대로23길 55,37.529557,126.9641567,펫프렌즈동물병원용산점
790-9775,서울특별시 용산구 이태원로20길 2-12,37.5339409,126.9915082,심 동물병원
02-2012-1256,서울특별시 용산구 한강대로23길 55 (한강로3가,37.5255338,126.9647072,펫세상 동물병원
706-7975,서울특별시 용산구 효창원로 14,37.5342796,126.9511238,차오름동물병원
02-792-5455,서울특별시 용산구 이촌로 248,37.5193297,126.9750267,이상윤동물병원
02-2297-7582,서울특별시 성동구 행당로8길 41-2,37.5560418,127.0339682,오렌지동물병원
2233-1848,서울특별시 성동구 금호산길 63-1,37.5539996,127.0193286,강아지나라동물병원
02-2233-1848,서울특별시 성동구 금호산길 58,37.553343,127.0195508,한빛동물병원
02-6085-7750,서울특별시 성동구 독서당로 289 (금호동4가,37.545465,127.0243047,아지동물병원
02-2602-0507,서울특별시 강서구 까치산로 80 (화곡동,37.5456395,126.8476239,화곡동물병원
02-6402-0301,서울특별시 성동구 매봉길 13,37.5468486,127.0133839,오석헌동물병원
2282-3653,서울특별시 성동구 독서당로 328,37.5479091,127.0252856,펫365동물병원
02-466-2475,서울특별시 성동구 뚝섬로 386,37.5390973,127.0532291,서울숲동물병원
02-2297-9300,서울특별시 성동구 왕십리로 410,37.56611,127.0276467,바라봄동물병원
02-466-8215,서울특별시 성동구 왕십리로 16 (성수동1가,37.5459008,127.0491401,달링동물병원
02-468-7975,서울특별시 성동구 성수일로 33,37.5436309,127.0491999,포레동물병원
02-2282-7501,서울특별시 성동구 매봉길 50 (옥수동,37.5483322,127.013891,스테이동물병원
02-2282-7503,서울특별시 성동구 행당로 76,37.5558801,127.0292075,이윤세동물병원
222810049,서울특별시 성동구 금호로 105,37.551292,127.0245415,금호동물병원
02-2297-7570,서울특별시 성동구 독서당로 270,37.5459724,127.0196834,바른동물병원
02-2291-8275,서울특별시 성동구 마장로 296,37.5656912,127.0427762,기린동물병원
02-2299-3283,서울특별시 성동구 독서당로 200,37.543018,127.0131272,함께하는동물병원
02-2281-8122,서울특별시 성동구 무학로 16,37.5655385,127.0303174,라임동물병원
02-3395-0075,서울특별시 성동구 행당로 76,37.5558801,127.0292075,평생피부과동물병원
234094640,서울특별시 성동구 광나루로 337,37.5485283,127.0671999,수동물병원
02-2297-0075,서울특별시 성동구 왕십리로 381,37.5645661,127.0278787,왕십리조은동물병원
02-2295-0975,서울특별시 성동구 마장로 137,37.5693623,127.0247156,텐즈힐링동물병원
02-2291-7582,서울특별시 성동구 독서당로40길 39,37.5423083,127.0181918,옥수수 동물병원
02-464-7582,서울특별시 광진구 능동로43길 3-5,37.5608297,127.0812361,스마트동물병원군자점
24697975,서울특별시 성동구 왕십리로 104,37.5468653,127.0448689,오늘동물병원
02-535-0975,서울특별시 성동구 독서당로 434,37.5519304,127.0332646,해치동물병원
02-2299-0858,서울특별시 성동구 금호로 148-1,37.5543553,127.0205469,강아지나라동물병원
02-2297-3337,서울특별시 성동구 장터길 18,37.548202,127.0178293,박종태종합동물병원
02-2299-7582,서울특별시 성동구 독서당로 206 (옥수동,37.5464206,127.0217636,생명사랑동물병원
2233-1848,서울특별시 성동구 금호산길 63-1,37.5539996,127.0193286,강아지나라동물병원
02-463-9690,서울특별시 성동구 왕십리로 100,37.5464628,127.0448837,성수동물병원
02-2299-8575,서울특별시 성동구 왕십리로 340,37.5633425,127.0324297,SL동물병원
02-2281-0049,서울특별시 성동구 금호로 82-1,37.5507442,127.0259178,금호동물병원
02-2299-4696,서울특별시 성동구 행당로1길 23,37.5573728,127.0244184,신당햇살동물병원
02-2299-4696,서울특별시 성동구 행당로1길 23,37.5573728,127.0244184,신당햇살동물병원
02-467-5656,서울특별시 성동구 아차산로 75,37.5463387,127.0535209,성동동물종합병원
02-2297-7570,서울특별시 성동구 금호로 47,37.5476997,127.0254204,현대동물병원
02-2237-1975,서울특별시 성동구 금호로 173,37.5554459,127.018621,동물병원소풍
02-467-0975,서울특별시 성동구 뚝섬로 377,37.5397095,127.0529982,로얄벳성수점동물병원
02-468-7582,서울특별시 성동구 뚝섬로 395,37.5390481,127.0546897,제인동물병원
6954-7582,서울특별시 광진구 뚝섬로 670,37.5315966,127.0839381,해맑은동물병원
452-7975,서울특별시 광진구 아차산로 608,37.5470334,127.1064382,광장동물의료센터
02-457-0231,서울특별시 광진구 뚝섬로 636,37.5316584,127.0802209,우리동물병원
2024-1253,서울특별시 광진구 아차산로 272,37.5378028,127.0726322,쿨펫동물병원
02-452-0075,서울특별시 광진구 자양로13길 61,37.5337338,127.0814398,양지동물병원
457-0231,서울특별시 광진구 뚝섬로 636,37.5316584,127.0802209,우리동물병원
452-1119,서울특별시 광진구 자양로 246,37.5483357,127.0892117,좋은동물병원
499-7582,서울특별시 광진구 면목로 142,37.565952,127.0814789,다온동물병원
456-0975,서울특별시 광진구 뚝섬로52길 4,37.5317932,127.0793493,자양동물병원
464-7588,서울특별시 광진구 능동로 407,37.5654318,127.0837958,드림펫 동물병원
457-0292,서울특별시 광진구 아차산로 451,37.5393037,127.0919909,프라임동물병원
444-7533,서울특별시 광진구 아차산로 493,37.5417983,127.0961971,동서울동물병원
446-2349,서울특별시 광진구 용마산로 66,37.5595253,127.0878845,용마동물병원
462-5595,서울특별시 광진구 긴고랑로 47,37.5627492,127.0815725,중곡동물병원
454-9975,서울특별시 광진구 능동로 334,37.5593265,127.0809432,방주종합동물병원
465-7582,서울특별시 광진구 군자로 84,37.5505216,127.071161,보람동물병원
454-8275,서울특별시 광진구 자양로15길 48,37.5349027,127.0801233,혜민동물병원
454-8275,서울특별시 광진구 자양로15길 48,37.5349027,127.0801233,혜민동물병원
457-0231,서울특별시 광진구 뚝섬로 636,37.5316584,127.0802209,건국사랑동물병원
447-5975,서울특별시 광진구 아차산로 530,37.5419395,127.0996713,에디슨동물병원
3409-4640,서울특별시 광진구 광나루로 341,37.5485235,127.067927,수동물병원
467-4788,서울특별시 광진구 면목로 117,37.5640594,127.0800606,킴스동물종합병원
456-4466,서울특별시 광진구 자양로 94,37.5361387,127.0840784,시민동물병원
02-446-8175,서울특별시 광진구 광나루로56길 66,37.5386271,127.0958742,광진24시필동물병원
468-6612,서울특별시 광진구 능동로 49 (자양동,37.5358139,127.0683342,로얄 도그앤캣 메디컬센터
467-3673,서울특별시 광진구 광나루로 392-1,37.5472919,127.0732768,피카소동물병원
444-8111,서울특별시 광진구 뚝섬로 609-1,37.5327849,127.0776026,기린동물종합병원
02-468-6612,서울특별시 광진구 능동로 49,37.5358139,127.0683342,스타동물의료센터
457-0231,서울특별시 광진구 뚝섬로 636,37.5316584,127.0802209,우리동물병원
02-2213-0075,서울특별시 동대문구 장한로 44,37.5650701,127.0673872,아인스동물병원
02-2234-1379,서울특별시 동대문구 청계천로 417,37.571998,127.0239122,맑은 동물병원
02-957-7075,서울특별시 동대문구 정릉천동로 58,37.5771841,127.0357216,그린동물병원
02-3295-3927,서울특별시 동대문구 고산자로 393-5,37.5746701,127.0376297,엘동물병원
02-2242-7975,서울특별시 동대문구 답십리로 77,37.5751262,127.0496219,제연동물병원
02-6242-7500,서울특별시 동대문구 망우로 66,37.5894922,127.0609605,하나동물병원
02-969-7579,서울특별시 동대문구 회기로18길 46,37.5903434,127.0540494,봄봄동물병원
02-6242-8275,서울특별시 동대문구 사가정로 51,37.5737404,127.0523332,아띠동물의료센터
02-2212-7596,서울특별시 동대문구 답십리로 293,37.5725063,127.0730558,현대종합동물병원
02-3394-7075,서울특별시 동대문구 답십리로 224-1,37.5725825,127.0652663,땅콩동물병원
02-965-0075,서울특별시 동대문구 이문로 136,37.598488,127.0618949,바론동물병원
02-2213-8875,서울특별시 동대문구 답십리로 140,37.5724723,127.0556424,더케이동물병원
02-2242-7510,서울특별시 동대문구 전농로 15-3,37.5666198,127.0559077,하이유 동물병원
02-2244-7755,서울특별시 동대문구 망우로 120,37.5911029,127.0665156,심재웅동물병원
02-2244-7479,서울특별시 동대문구 사가정로 221,37.5789151,127.069693,박철환동물병원
02-2212-5233,서울특별시 동대문구 한천로 94,37.569603,127.0645339,뉴월드동물병원
02-2249-7600,서울특별시 동대문구 답십리로63길 1,37.5728623,127.0677034,페트로동물의료원
02-967-0877,서울특별시 동대문구 이문로 80,37.5940399,127.0588681,애니케어동물병원
02-963-7582,서울특별시 동대문구 홍릉로 48-1,37.5845848,127.0440708,푸른종합동물병원
02-2215-2022,서울특별시 동대문구 장한로 139,37.5729017,127.0713919,장평25시동물종합병원
02-925-3686,서울특별시 동대문구 안암로 40,37.5805474,127.0267918,안암동물병원
02-2244-1081,서울특별시 동대문구 사가정로 121,37.5778683,127.0584782,주주동물병원
02-960-7501,서울특별시 동대문구 홍릉로 64-1,37.5859435,127.0435318,디아크동물병원
455-0077,서울특별시 광진구 천호대로 642-1,37.55319,127.0883048,애플동물병원
2115-1960,서울특별시 동대문구 답십리로 288,37.5719259,127.0723893,쿨펫동물병원-장안점
02-923-5291,서울특별시 동대문구 왕산로 94,37.5807737,127.0397395,제이동물병원
3707-1582,서울특별시 동대문구 장한로 77,37.5678739,127.0685076,러브펫동물병원
02-2213-0075,서울특별시 동대문구 장한로 44,37.5650701,127.0673872,아인스동물병원
02-2212-7596,서울특별시 동대문구 답십리로 293,37.5725063,127.0730558,현대종합동물병원
02-2215-7522,서울특별시 동대문구 답십리로 298,37.5719643,127.0735552,VIP동물의료센터
02-923-0075,서울특별시 동대문구 안암로 102,37.5846245,127.0315767,정다운동물병원
2212-7596~7,서울특별시 동대문구 답십리로 293,37.5725063,127.0730558,현대종합동물병원
2242-7510,서울특별시 동대문구 전농로 15-3,37.5666198,127.0559077,다솜종합동물병원
02-433-3387,서울특별시 중랑구 봉화산로 232,37.6078176,127.0983476,행복이 있는 동물병원
02-494-7775,서울특별시 중랑구 용마산로 434 (면목동,37.5899503,127.0974043,보담동물병원
2094-8344,서울특별시 중랑구 중랑천로 71,37.5917255,127.0723692,서울우유협동조합유우진료소
434-5465,서울특별시 중랑구 면목로 269,37.577025,127.0857524,보람동물병원
435-0166,서울특별시 중랑구 겸재로 187,37.5887963,127.0883709,엔젤동물병원
2208-7533,서울특별시 중랑구 동일로 640,37.5976182,127.0790622,24시 동물응급의료센터
435-2275,서울특별시 중랑구 면목로 442-1,37.5915716,127.0869582,하스펫탈동물병원
3422-0001,서울특별시 중랑구 봉화산로 103,37.6027153,127.0857175,신내동물병원
2207-0073,서울특별시 중랑구 봉화산로 39-1,37.6017662,127.078772,진정훈동물병원
493-7582,서울특별시 중랑구 면목로 311,37.5799129,127.0877737,성지동물병원
463-3216,서울특별시 광진구 능동로 283,37.5553494,127.0781539,나래동물병원
2207-9931,서울특별시 중랑구 면목로 273,37.5772943,127.0857069,주연동물병원
432-7530,서울특별시 중랑구 신내로10길 7,37.6046986,127.0959238,진서동물병원
492-7582,서울특별시 중랑구 용마산로 532,37.5984498,127.100597,금란동물병원
463-7075,서울특별시 광진구 뚝섬로 504,37.5358085,127.0660761,이다종합동물병원
492-9303,서울특별시 중랑구 겸재로 207,37.5893142,127.0905619,숲속동물병원
437-7579,서울특별시 중랑구 사가정로 363,37.581215,127.0849021,면목동물병원
234220977,서울특별시 중랑구 신내로 225,37.616957,127.0912922,하니동물병원
2208-6788,서울특별시 중랑구 겸재로 165,37.5881943,127.0858997,한국동물메디컬센터(KAMC)
02-433-7515,서울특별시 중랑구 신내로 66,37.6050484,127.0956274,아이봄 동물병원
973-1953,서울특별시 중랑구 동일로 920,37.6125956,127.0775795,태능동물병원
439-8300,서울특별시 중랑구 면목로 341,37.5823489,127.0882923,혜원동물병원
02-470-4707,서울특별시 중랑구 동일로 593,37.5833556,127.0794686,레미 동물병원
455-7570,서울특별시 광진구 광나루로 601,37.5420969,127.0952129,쥬라기동물병원
2208-7533,서울특별시 중랑구 망우로 247,37.5954352,127.08002,로얄메디컬센터
492-0077,서울특별시 중랑구 신내로 45,37.6031734,127.0954775,왈츠동물병원
02-6215-3439,서울특별시 중랑구 망우로 247,37.5954352,127.08002,동물수술전문센터
433-0787,서울특별시 중랑구 중랑천로 81,37.5924376,127.0726366,중랑차동물병원
434-3700,서울특별시 중랑구 망우로 266,37.5969587,127.0903436,동부제일동물병원
433-3387,서울특별시 중랑구 봉화산로 232,37.6078176,127.0983476,행복이있는동물병원
2207-9931,서울특별시 중랑구 면목로 273,37.5772943,127.0857069,제일동물병원
491-1865,서울특별시 중랑구 동일로 678,37.5909488,127.0803872,우리들동물병원
2207-9181,서울특별시 중랑구 동일로96길 33,37.58484,127.0818801,진영동물병원
494-5575,서울특별시 중랑구 상봉중앙로1길 82,37.5999193,127.0877915,해피데이동물병원
2207-7500,서울특별시 중랑구 용마산로 373,37.5852239,127.0943178,다음동물병원
02-2207-9181,서울특별시 중랑구 동일로96길 33,37.58484,127.0818801,진영동물병원
02-2208-7500,서울특별시 중랑구 답십리로77길 33,37.5730918,127.0814716,힐링페츠
2208-0329,서울특별시 중랑구 망우로 315,37.5972286,127.087473,닥터 아이펫 동물병원
6014-8275,서울특별시 성북구 동소문로44길 43 (하월곡동,37.6065246,127.0303813,마로동물병원
918-3344,서울특별시 성북구 화랑로 299,37.6135776,127.0611118,대학동물병원
924-4555,서울특별시 성북구 종암로 65,37.5962071,127.0351652,강북동물병원
02-927-7517,서울특별시 성북구 아리랑로 18,37.5945143,127.0163274,성신동물병원
02-982-7975,서울특별시 성북구 숭인로 50,37.611182,127.0272646,더편한동물병원
29117582,서울특별시 성북구 한천로 713,37.6200748,127.05153,퍼스트동물병원
02-941-5575,서울특별시 성북구 길음로13길 22,37.609776,127.018829,스마트동물병원 성북길음점
912-6555,서울특별시 성북구 오패산로 22,37.6042179,127.0377433,포유동물병원
02-927-7878,서울특별시 성북구 아리랑로 27,37.5953561,127.0157568,로이동물병원
942-4883,서울특별시 성북구 길음로 33 (길음동,37.6075609,127.0179449,카카오 N 동물병원
984-0075,서울특별시 성북구 삼양로4길 3,37.6058395,127.0243773,강북 24시 N 동물의료센터
02-6925-4347,서울특별시 성북구 오패산로 75-1,37.6088066,127.0357821,넬 동물의료센터
02-766-7577,서울특별시 성북구 성북로 66,37.5934575,127.0017173,앙리동물병원
928-7582,서울특별시 성북구 동소문로 74,37.591835,127.0136984,드림동물병원
969-0075,서울특별시 성북구 돌곶이로 31,37.6070281,127.0606851,태양 동물병원
927-7585,서울특별시 성북구 종암로 113,37.6001609,127.0336744,쓰담쓰담 동물병원
915-5301,서울특별시 성북구 동소문로 302,37.6067841,127.0285316,호담동물병원
02-915-5485,서울특별시 성북구 돌곶이로 220,37.619671,127.0461571,꿈의숲동물병원
913-1874,서울특별시 성북구 동소문로 248 (길음동,37.6027723,127.023776,길음동물병원
915-7582,서울특별시 성북구 돌곶이로 91,37.611112,127.0565154,행복한동물병원
02-407-7579,서울특별시 송파구 위례광장로 230,37.4795099,127.1437086,위례 별 동물의료센터
967-0300,서울특별시 성북구 돌곶이로 56,37.6089628,127.0592472,중앙동물병원
912-0018,서울특별시 성북구 화랑로 91,37.6029888,127.0421312,비비펫 동물병원
943-8376,서울특별시 성북구 보국문로 68-1,37.6106034,127.0093778,보성통증동물병원
914-5545,서울특별시 성북구 정릉로 328,37.6020103,127.019543,ZOO동물병원
989-8575,서울특별시 성북구 삼양로 84,37.6109373,127.0225214,우리동물병원
02-743-7582,서울특별시 성북구 성북로 27,37.5903536,127.0038357,한사랑동물병원
929-5496,서울특별시 성북구 동소문로 66,37.5913962,127.0129723,나래종합동물병원
928-5599,서울특별시 성북구 보문로 137,37.5871037,127.0181966,서울종합동물병원
943-7582,서울특별시 성북구 화랑로 76 (하월곡동,37.6083768,127.0358939,도담도담동물병원
941-7525,서울특별시 성북구 보국문로 4,37.6050225,127.0117717,정릉동물병원
941-7900,서울특별시 성북구 정릉로 272-9,37.6028185,127.0138606,24시 북악동물병원
989-6763,서울특별시 성북구 동소문로 273,37.6052514,127.0260205,펫케어동물병원
912-6555,서울특별시 성북구 오패산로 22,37.6042179,127.0377433,포유동물병원
917-7082,서울특별시 성북구 장월로 93-1,37.61416,127.0485788,장위동물병원
943-8575,서울특별시 성북구 화랑로 301,37.6136289,127.061528,다나동물병원
02-6956-0040,서울특별시 성북구 아리랑로 75,37.5991664,127.0126899,원러브동물의료센터
917-7582,서울특별시 성북구 장월로1길 57,37.6059576,127.0452388,보람동물병원
3292-8275,서울특별시 성북구 정릉로27길 9,37.6042357,127.0131182,정 동물병원
909-7575,서울특별시 성북구 길음로 74 (길음동,37.6096851,127.0207104,옥완 동물병원
02-916-5724,서울특별시 성북구 오패산로 46 (하월곡동,37.6070327,127.0383656,열린동물병원
988-2529,서울특별시 성북구 동소문로25길 61,37.5954235,127.0160944,아리랑동물병원
02-989-8275,서울특별시 강북구 솔샘로 220 (미아동,37.6198611,127.0169756,수 동물병원
02)946-0011,서울특별시 강북구 삼양로24길 19,37.617204,127.0221045,아이사랑동물병원 건강검진센터
070-8691-3121,서울특별시 강북구 도봉로 110-1,37.6189118,127.0293978,모네동물피부과
988-7582,서울특별시 강북구 삼양로27길 19,37.6173113,127.0204017,솔샘동물병원
996-1007,서울특별시 강북구 삼양로 499,37.647754,127.0142602,애니케어 동물병원 수유점
02-984-7588,서울특별시 강북구 삼양로27길 35-21,37.6179491,127.0189395,H 동물병원
998-1785,서울특별시 강북구 한천로 1135,37.6458817,127.0182241,대형동물병원
02-987-7959,서울특별시 강북구 도봉로 202,37.6267413,127.026306,위즈동물병원
989-9552,서울특별시 강북구 삼양로 190,37.6208413,127.0209561,삼양동물병원
982-8698,서울특별시 강북구 도봉로 88,37.6170265,127.030396,중앙동물병원
991-4304,서울특별시 강북구 삼양로123길 6-12,37.6453587,127.0153324,사랑동물병원
02-983-7000,서울특별시 강북구 삼양로 252,37.6258596,127.018478,봉식동물병원
980-2340,서울특별시 강북구 삼양로19길 25,37.6139419,127.0207264,삼성동물병원
02-987-7588,서울특별시 강북구 솔샘로 203-2,37.6203036,127.0153474,스마트 동물병원
985-7525,서울특별시 강북구 오현로 194 (번동,37.6288122,127.0398991,강북동물병원
02-993-8266,서울특별시 강북구 삼양로117길 5,37.6433947,127.0156996,꼬마동물병원
02-443-6933,서울특별시 송파구 동남로 282,37.500539,127.1370831,채움동물의료센터
02-941-7900,서울특별시 강북구 월계로 3,37.6095707,127.030631,24시루시드동물메디컬센터
903-5525,서울특별시 강북구 삼양로 336,37.6334469,127.0177428,보노보노동물병원
988-6543,서울특별시 강북구 월계로 53,37.6119322,127.0353652,호 동물병원
02-986-9875,서울특별시 강북구 삼양로27길 19 (미아동,37.6173113,127.0204017,쿠키동물병원
989-4032,서울특별시 강북구 솔샘로 223,37.6202994,127.0176295,시티동물병원
988-2787,서울특별시 강북구 인수봉로 152,37.6332503,127.0137404,가나안동물병원
902-0163,서울특별시 강북구 삼양로 601,37.6565571,127.0131839,강북동물병원
998-0729,서울특별시 강북구 삼양로117길 5,37.6433947,127.0156996,초이스동물병원
983-8575,서울특별시 강북구 솔샘로 174 (미아동,37.6179756,127.0126309,사랑의동물병원
02-945-0075,서울특별시 강북구 오패산로 160,37.6159597,127.0337132,프렌즈동물병원
02-941-7900,서울특별시 강북구 월계로 3,37.6095707,127.030631,24시 루시드 동물메디컬센터
987-8684,서울특별시 강북구 도봉로 110-1,37.6189118,127.0293978,홈펫동물병원
988-5646,서울특별시 강북구 솔샘로 255,37.6196438,127.0213401,미아동물병원
02-905-9119,서울특별시 도봉구 도봉로 603,37.6585924,127.0403051,별난동물병원
997-0075,서울특별시 도봉구 해등로 184,37.6579363,127.0364245,태일동물종합병원
906-7575,서울특별시 도봉구 도봉로110다길 20,37.6453593,127.0337003,트윈스동물병원
954-6990,서울특별시 도봉구 도봉로180길 28,37.6825441,127.0475045,해봄동물병원
996-8275,서울특별시 도봉구 도봉로 618,37.6594299,127.0417786,행복한동물병원
02-472-7579,서울특별시 강동구 천호대로 1122,37.5343701,127.1359844,강동24시 SKY 동물의료센터
02-6402-0365,서울특별시 도봉구 방학로 54,37.6629674,127.0463638,365동물병원
269547544,서울특별시 도봉구 해등로 255,37.6573677,127.0282385,보듬동물병원
3491-4748,서울특별시 도봉구 방학로 162,37.6627137,127.0340988,가나동물병원
900-9929,서울특별시 도봉구 도봉로 469,37.6476377,127.0336606,퓨리나동물병원
992-9414,서울특별시 도봉구 덕릉로 230,37.6382682,127.0379928,신창동물병원
3491-7060,서울특별시 도봉구 도당로 63,37.6637936,127.0346527,화신종합동물병원
992-0074,서울특별시 도봉구 덕릉로 256,37.6401894,127.0397903,한빛동물병원
999-7582,서울특별시 도봉구 도봉로 586,37.6568707,127.0400347,강북우리동물의료센터
6369-0075,서울특별시 도봉구 마들로 695,37.6721946,127.0463662,빛가온동물병원
02-2135-6575,서울특별시 송파구 송파대로 345,37.497519,127.1072265,헬리오동물병원
993-7581,서울특별시 도봉구 도봉로 534,37.6527161,127.0375991,창동애견종합동물병원
955-8400,서울특별시 도봉구 도봉로 875,37.6826755,127.0455403,도담동물병원
997-0075,서울특별시 도봉구 해등로 184,37.6579363,127.0364245,태일동물치과병원
955-6530,서울특별시 도봉구 마들로 664,37.6694186,127.0464995,김미경 동물병원
3491-8000,서울특별시 도봉구 도봉로 669,37.6644014,127.0420621,현대종합동물병원
02-6964-8276,서울특별시 은평구 은평로 213,37.6014138,126.9313495,치유동물의료센터
955-8400,서울특별시 도봉구 도봉로 875,37.6826755,127.0455403,도담동물병원
954-0075,서울특별시 도봉구 도봉로 791,37.6749834,127.0442147,연동물병원펫샵
943-2275,서울특별시 도봉구 도봉로 763,37.6726545,127.0437237,도봉동물병원
993-0075,서울특별시 도봉구 도봉로 502,37.6500753,127.0359277,둘리동물병원
3494-0075,서울특별시 도봉구 도봉로 723,37.6690944,127.0432012,방학동물병원
902-7582,서울특별시 도봉구 도봉로 499,37.6502287,127.0352898,삼성동물종합병원
955-6530,서울특별시 도봉구 마들로 664,37.6694186,127.0464995,이엔김동물병원
9556530,서울특별시 도봉구 마들로 664,37.6694186,127.0464995,이n김동물병원
993-0075,서울특별시 도봉구 도봉로 506,37.6503705,127.0361024,둘리동물병원
955-6530,서울특별시 도봉구 마들로 664,37.6694186,127.0464995,이n김동물병원
991-3311,서울특별시 도봉구 해등로16길 26 (창동,37.6556169,127.0414616,다현동물병원
903-8875,서울특별시 도봉구 노해로63다길 41 (창동,37.6547066,127.0456792,다빈치동물병원
02-6014-9947,서울특별시 도봉구 도당로 79,37.6649311,127.0358167,태현동물병원
3493-7514,서울특별시 도봉구 마들로 645 (방학동,37.6678599,127.0452225,수호천사동물병원
955-6530,서울특별시 도봉구 도봉로 678 (방학동,37.6624252,127.0418251,사랑동물병원
3493-7514,서울특별시 도봉구 마들로 645 (방학동,37.6678599,127.0452225,수호천사동물병원
3493-7514,서울특별시 도봉구 마들로 645 (방학동,37.6678599,127.0452225,수호천사동물병원
3493-7514,서울특별시 도봉구 마들로 645,37.6678599,127.0452225,쿨펫동물병원
955-8477,서울특별시 도봉구 방학로 37,37.662235,127.0481373,세정동물병원
955-8477,서울특별시 도봉구 방학로 37,37.662235,127.0481373,두남자동물병원
956-3536,서울특별시 도봉구 도봉로 759 (도봉동,37.6723507,127.0436654,(주)모리아동물생명 아야야동물병원
907-1174~6,서울특별시 도봉구 도봉로 568,37.6554891,127.0392259,동물병원 WITH
02-955-6530,서울특별시 도봉구 도봉로 678 (방학동,37.6624252,127.0418251,사랑동물병원
02-3491-7514,서울특별시 도봉구 마들로 645 (방학동,37.6678599,127.0452225,수호천사동물병원
02-3491-8000,서울특별시 도봉구 도봉로 669,37.6644014,127.0420621,현대종합동물병원
907-7512,서울특별시 도봉구 시루봉로 59 (쌍문동,37.6561902,127.0277183,온누리동물병원
955-8477,서울특별시 도봉구 방학로 37,37.662235,127.0481373,양현철동물병원
3491-7588,서울특별시 도봉구 마들로 657 (방학동,37.6686593,127.0455151,동물을사랑하는사람들
993-7582,서울특별시 도봉구 노해로 341 (창동,37.6514477,127.0459346,참 동물병원
905-0577,서울특별시 도봉구 도봉로 499,37.6502287,127.0352898,영풍동물병원
3494-0075,서울특별시 도봉구 도봉로 723,37.6690944,127.0432012,방학동물외과센터
979-4490,서울특별시 노원구 동일로 1015,37.6207346,127.0743243,공릉동물병원
972-5575,서울특별시 노원구 공릉로 176,37.6256451,127.0800739,사랑동물병원
979-4490,서울특별시 노원구 동일로 1015,37.6207346,127.0743243,혜원동물병원
974-5875,서울특별시 노원구 공릉로 153,37.6240179,127.0794362,라라Q동물병원
951-7582,서울특별시 노원구 동일로 1370,,,한빛종합동물병원
952-6426,서울특별시 노원구 중계로 220 (중계동,,,LK동물병원
971-7575,서울특별시 노원구 동일로 1065,,,리치동물병원
02-932-7582,서울특별시 노원구 덕릉로 810-1,,,당고개동물병원
952-0089,서울특별시 노원구 동일로 1530 (상계동,,,참동물병원
935-7588,서울특별시 노원구 노원로34길 76,,,한강동물병원
971-7511,서울특별시 노원구 동일로192길 87,,,수피아동물병원
952-6426,서울특별시 노원구 덕릉로 589,,,엘케이동물병원
937-9724,서울특별시 노원구 동일로 1622 (상계동,,,수락 동물병원
949-7512,서울특별시 노원구 화랑로 473,,,화랑동물병원
978-4775,서울특별시 노원구 섬밭로 258 (중계동,,,웰리스 동물병원
905-7588,서울특별시 노원구 월계로 333,,,아란종합동물병원
976-7582,서울특별시 노원구 동일로 1051 (공릉동,,,스마일플러스동물병원
973-5959,서울특별시 노원구 동일로207길 17,,,롯데동물병원
02-932-6658,서울특별시 노원구 동일로 1649 (상계동,,,은빛동물병원
02-930-7161,서울특별시 노원구 동일로 1626,,,서정동물병원
02-2203-7975,서울특별시 송파구 삼학사로 88,,,잠실베스트동물병원 수술재활센터
02-971-5955,서울특별시 노원구 동일로 1014,,,골드퍼피동물병원 공릉점
02-931-1333,서울특별시 노원구 동일로 1333,,,브이아이피 동물의료센터
02-936-5500,서울특별시 노원구 동일로 1598,,,노원 바른 동물의료센터
02-952-9111,서울특별시 노원구 동일로 1636,,,나우동물의료센터
939-7579,서울특별시 노원구 한글비석로 245 (중계동,,,중계이오동물병원
951-7707,서울특별시 노원구 노원로 330,,,펫가든
977-0275,서울특별시 노원구 동일로 1104,,,엔젤동물병원
931-1575,서울특별시 노원구 한글비석로 363,,,은마로동물병원
02-431-7575,서울특별시 송파구 위례광장로 200,,,위례S동물의료센터
02-403-7582,서울특별시 송파구 법원로 55,,,송파데일리동물병원
02-952-7582,서울특별시 노원구 노원로 470,,,스마트동물병원
02-949-7582,서울특별시 노원구 노원로1길 9 (공릉동,,,키움 동물병원
02-936-0907,서울특별시 노원구 노원로 540 (상계동,,,그린동물병원
935-0075,서울특별시 노원구 한글비석로8길 16,,,25시동물병원
3391-0075,서울특별시 노원구 덕릉로 738 (상계동,,,고려동물병원
02-949-0975,서울특별시 노원구 마들로3길 15,,,웰니스 동물병원
02-905-7588,서울특별시 노원구 월계로 336,,,닥터스종합동물병원
02-3392-4756,서울특별시 노원구 노원로34길 116,,,러브펫 멀티펫샵&amp;동물병원
919-0075,서울특별시 노원구 노원로 456,,,노원24시N동물의료센터
943-2275,서울특별시 노원구 석계로9길 29,,,e-동물병원
949-0975,서울특별시 노원구 마들로3길 15,,,웰리스동물병원(월계점)
905-7588,서울특별시 노원구 월계로 336,,,닥터스종합동물병원
02-930-7161,서울특별시 노원구 동일로 1626,,,서정동물병원
02-972-6543,서울특별시 노원구 동일로 1014,,,골드퍼피동물병원 중계점
949-0975,서울특별시 노원구 마들로3길 15,,,웰리스동물병원(월계점)
939-7579,서울특별시 노원구 한글비석로 245 (중계동,,,중계종합동물병원
972-6543,서울특별시 노원구 동일로204가길 12,,,러브펫동물병원
974-5875,서울특별시 노원구 동일로 1093,,,시튼동물의료원
02-448-7588,서울특별시 송파구 새말로5길 17,,,송파스마일동물병원
02-358-1591,서울특별시 은평구 연서로29길 24,,,도그원 동물의료센터
02-358-7582,서울특별시 은평구 연서로 162,,,연서동물종합병원
02-969-7582,서울특별시 은평구 백련산로 145,,,스머프동물병원
02-356-8353,서울특별시 은평구 불광로 60,,,다루동물병원
02-388-0275,서울특별시 은평구 역말로 7,,,도담동물병원
386-6092,서울특별시 은평구 서오릉로 192,,,미래동물병원
382-3243,서울특별시 은평구 서오릉로 140,,,더독동물병원
356-7547,서울특별시 은평구 연서로 72,,,우신동물병원
385-8275,서울특별시 은평구 진관3로 70 (진관동,,,뉴타운동물병원
02-354-7544,서울특별시 은평구 연서로 317 (불광동,,,둘레길동물병원
02-3152-0075,서울특별시 은평구 백련산로 29,,,참좋은동물병원
02-352-7275,서울특별시 은평구 통일로 727-5,,,개와냥이동물병원
02-932-8575,서울특별시 노원구 동일로 1363,,,우리 동물병원
02-384-0075,서울특별시 은평구 통일로 885,,,메디펫동물병원
354-0975,서울특별시 은평구 연서로 137,,,로얄동물병원
02-356-9475,서울특별시 은평구 통일로 796,,,담은동물병원
02-306-0158,서울특별시 은평구 가좌로 239,,,오거리동물병원
382-7582,서울특별시 은평구 은평로 208,,,LOVE MY PET 동물병원
02-6401-1512,서울특별시 송파구 새말로 62,,,키다리동물병원
02-387-8275,서울특별시 은평구 진관2로 67,,,서울햇빛동물병원
382-7511,서울특별시 은평구 진관4로 87,,,한빛동물병원
388-3008,서울특별시 은평구 은평로 29,,,늘푸른동물병원
354-4110,서울특별시 은평구 통일로 697,,,녹번동물병원
358-7566,서울특별시 은평구 서오릉로 80(대조동,,,새은평동물의료센터
384-7743,서울특별시 은평구 연서로 185,,,금쪽같은내새끼 동물병원
355-7931,서울특별시 은평구 갈현로 35,,,한마음동물병원
02-6953-8275,서울특별시 은평구 진관2로 77,,,우리덕구동물병원
02-373-5555,서울특별시 은평구 증산로9길 26-23,,,가든펫동물병원
387-6920,서울특별시 은평구 응암로 261,,,응암동물병원
357-8538,서울특별시 은평구 통일로 879,,,김정복동물병원
226627975,서울특별시 강서구 마곡중앙1로 20,,,모모동물병원
356-1656,서울특별시 은평구 통일로 767,,,불광동물병원
304-5553,서울특별시 은평구 응암로 226,,,한얼동물병원
845-0780,서울특별시 영등포구 도신로 186,,,온누리 종합동물병원
02-384-3100,서울특별시 은평구 진관3로 37,,,피움동물병원
234777677,서울특별시 은평구 응암로 152,,,다솜동물병원
02-6975-5253,서울특별시 은평구 통일로 1050,,,아이러브펫동물병원 은평점
356-7588,서울특별시 은평구 통일로 691,,,더탑동물병원
02-358-7582,서울특별시 은평구 연서로 162,,,연서동물종합병원
02-3152-8575,서울특별시 은평구 수색로 217,,,디엠씨(DMC)동물병원
02-3152-8575,서울특별시 은평구 수색로 217 (수색동,,,조은동물병원
02-307-7502,서울특별시 은평구 증산서길 132,,,아리동물병원
02-969-7582,서울특별시 은평구 백련산로 143,,,스머프동물병원
382-7566,서울특별시 은평구 서오릉로 80,,,은평동물병원
02-6338-7142,서울특별시 은평구 서오릉로 91,,,역촌동물병원
02-355-8575,서울특별시 은평구 진흥로 17,,,튼튼동물병원
02-355-8575,서울특별시 은평구 진흥로 17,,,튼튼동물병원
386-2075,서울특별시 은평구 연서로 252 (불광동,,,연신내 동물병원
386-2075,서울특별시 은평구 연서로 260,,,연신내동물병원
387-7582,서울특별시 은평구 서오릉로 94,,,사랑이가득한동물병원
385-8275,서울특별시 은평구 진관3로 70,,,뉴타운동물병원
356-3375,서울특별시 은평구 은평로 111,,,쿨펫동물병원 은평점
350-7272,서울특별시 은평구 불광로 20,,,쿨펫 동물병원
355-8575,서울특별시 은평구 진흥로 17,,,튼튼동물병원
307-7502,서울특별시 은평구 증산서길 132,,,이강신동물병원
02-355-8575,서울특별시 은평구 진흥로 17,,,튼튼동물병원
02-355-8575,서울특별시 은평구 진흥로 17,,,튼튼동물병원
354-5633,서울특별시 은평구 통일로 691,,,예스동물병원
356-9725,서울특별시 은평구 진관2로 57-7,,,구파발동물병원
358-7582,서울특별시 은평구 연서로 162,,,연서동물병원
393-6675,서울특별시 서대문구 통일로 197,,,우리동물병원
332-2883,서울특별시 서대문구 연희로25길 101,,,연희동물병원
3217-1081,서울특별시 서대문구 통일로 489,,,신영동물병원
02-333-8632,서울특별시 서대문구 연희로 132,,,라파엘종합동물병원
307-3335,서울특별시 서대문구 응암로 117,,,초콜릿종합동물병원
303-1114,서울특별시 서대문구 증가로 111,,,한스동물병원
302-3275,서울특별시 서대문구 응암로 66,,,두리틀동물병원
02-733-5060,서울특별시 서대문구 통일로 171-1,,,독립문동물병원
02-305-4242,서울특별시 서대문구 가재울미래로 2 (남가좌동,,,어울림동물병원
02-305-7505,서울특별시 서대문구 가재울미래로 2,,,강앤정 동물병원
02-3144-7582,서울특별시 서대문구 연희로 114,,,에이플러스 동물병원
307-4633,서울특별시 서대문구 응암로 77,,,가좌동물병원
02-305-5975,서울특별시 서대문구 증가로 150,,,오즈동물병원
737-8375,서울특별시 서대문구 통일로 392,,,한솔동물병원
02-393-7577,서울특별시 서대문구 신촌로 209,,,링크동물의료센터
02-333-7750,서울특별시 서대문구 연희로 178,,,헬로우 동물병원
02-473-0577,서울특별시 송파구 토성로 30-1,,,청담동물병원
393-0075,서울특별시 서대문구 신촌로 289-1,,,북아현동물병원
396-5525,서울특별시 서대문구 통일로 463,,,홍제동물병원
362-4836,서울특별시 서대문구 북아현로 40,,,세란동물병원
373-7272,서울특별시 서대문구 가좌로 140,,,홍은동물병원
303-0604,서울특별시 서대문구 거북골로 13,,,예일동물병원
396-5975,서울특별시 서대문구 세검정로 51,,,서대문아프리카동물병원
379-0075,서울특별시 서대문구 연희로 265 (홍은동,,,윤선생동물병원
222377582,서울특별시 서대문구 성산로 333,,,그녀의 동물병원
365-4836,서울특별시 서대문구 북아현로 40,,,우노동물병원
303-0604,서울특별시 서대문구 거북골로 13,,,예일동물병원
02-365-4836,서울특별시 서대문구 북아현로 40 (북아현동,,,우노동물병원
3144-7582,서울특별시 서대문구 연희로 114 (연희동,,,A+동물병원
02-303-0604,서울특별시 서대문구 거북골로 13,,,예일동물병원
02-333-7750,서울특별시 서대문구 연희로 178,,,헬로우동물병원
737-5691,서울특별시 서대문구 통일로 405 (홍제동,,,인왕동물병원
337-1191,서울특별시 마포구 서강로 69,,,세종동물병원
336-0073,서울특별시 마포구 월드컵로 147 (망원동,,,이황동물병원
302-1568,서울특별시 마포구 월드컵로 240 (성산동,,,사랑동물병원
3142-7298,서울특별시 마포구 월드컵로 118 (성산동,,,다솔동물병원
704-1800,서울특별시 마포구 신촌로 108,,,신촌동물병원
715-0075,서울특별시 마포구 대흥로 24,,,프란다스동물의료센타
3142-7297,서울특별시 마포구 월드컵로 122,,,다솔동물병원
302-1568,서울특별시 마포구 월드컵로 240 (성산동,,,로얄벳동물병원
309-4511,서울특별시 마포구 월드컵북로 151,,,캣츠앤독스 동물병원
302-1568,서울특별시 마포구 월드컵로 240 (성산동,,,사랑동물병원
302-1568,서울특별시 마포구 월드컵로 240 (성산동,,,사랑동물병원
23727288,서울특별시 마포구 월드컵북로38길 14,,,성산연세약국
02-718-6280,서울특별시 마포구 신촌로 108,,,신촌동물병원
02-332-7582,서울특별시 마포구 독막로 153,,,한아름 동물병원
27041800,서울특별시 마포구 신촌로 108,,,신촌동물병원
02-323-1703,서울특별시 마포구 월드컵로 125,,,한국양봉농협 동물병원
7186280,서울특별시 마포구 신촌로 108,,,신촌동물병원
704-0750,서울특별시 마포구 월드컵로 240 (성산동,,,쿨펫동물병원
375-1963,서울특별시 마포구 월드컵북로 167,,,와우동물병원
63532633,서울특별시 마포구 마포대로 173,,,파크동물병원(animal. C)
02-6380-0999,서울특별시 마포구 잔다리로 122,,,카라동물병원
02-309-4511,서울특별시 마포구 월드컵북로 151,,,이리온 동물병원 캣츠엔독스점 (상암점)
02 313 7979,서울특별시 마포구 마포대로 195 (아현동,,,닥터M 동물병원
02-363-7975,서울특별시 마포구 마포대로 195 (아현동,,,예스 동물병원
02-332-0175,서울특별시 마포구 월드컵로 65,,,망원동물종합병원
02-3142-0008,서울특별시 마포구 월드컵로 73,,,동물사랑동물병원
02-6405-7582,서울특별시 마포구 도화길 42,,,박창석종합동물병원
02-6383-0303,서울특별시 마포구 마포대로 127,,,콩닥 동물병원
02-6954-7522,서울특별시 마포구 대흥로24길 24,,,서울준동물병원
02-376-7675,서울특별시 마포구 월드컵북로 218,,,키다리 동물병원
02-3144-3253,서울특별시 마포구 독막로20나길 22,,,삼색이동물병원
02-375-1963,서울특별시 마포구 월드컵북로 167,,,와우 동물병원
02-336-0073,서울특별시 마포구 월드컵로 147,,,이황 동물병원
02-2135-2225,서울특별시 마포구 마포대로11길 35,,,날으는 동물병원
02-431-0275,서울특별시 송파구 송이로 186,,,문정탑동물병원
02-715-7575,서울특별시 마포구 창전로 50-1,,,산책 동물병원
02-6227-7582,서울특별시 송파구 가락로 258,,,라임동물병원
02-306-1259,서울특별시 마포구 월드컵북로 347,,,동물병원 닥터K
02-337-7575,서울특별시 마포구 월드컵북로 27,,,웰케어동물병원
02-393-3588,서울특별시 마포구 마포대로16길 7,,,24시 산들산들 동물병원
02-335-7577,서울특별시 마포구 월드컵로 98 (서교동,,,푸른숲 동물병원
02-375-7575,서울특별시 마포구 월드컵북로 151,,,라온동물병원
02-326-0275,서울특별시 마포구 포은로 64,,,박효리군 동물병원
02-338-0275,서울특별시 마포구 월드컵로3길 14,,,캣&덴탈 하이디 동물병원
02-712-8875,서울특별시 마포구 삼개로 28,,,도화동물병원
02-338-2475,서울특별시 마포구 양화로 72,,,아이엠 동물병원
02-332-7984,서울특별시 마포구 포은로 107,,,서교동물병원
02-335-5232,서울특별시 마포구 독막로 85,,,셀레네동물병원
02-6375-0075,서울특별시 마포구 만리재로 74,,,C.T.종합동물병원
02-336-3929,서울특별시 마포구 신촌로16길 34,,,서진동물병원
02-2088-1375,서울특별시 마포구 백범로 130,,,아이웰 동물의료센터
02-701-0705,서울특별시 마포구 만리재로 15,,,공덕 건강한 동물병원
02-3142-7298,서울특별시 마포구 월드컵로 46,,,이층애 고양이동물병원
02-323-8275,서울특별시 마포구 월드컵로 46,,,로얄동물메디컬센터w
02-333-9558,서울특별시 마포구 양화로 68,,,뉴욕종합동물병원
02-707-2340,서울특별시 마포구 대흥로 48,,,용강동물병원
02-717-7571,서울특별시 마포구 신촌로 154,,,디엔씨동물병원
02-364-3517,서울특별시 마포구 신촌로 248,,,월드펫동물병원
02 6083 1008,서울특별시 마포구 양화로 45,,,메세나 프렌즈 동물병원
02-376-7675,서울특별시 마포구 월드컵북로 262 (성산동,,,마포 키다리 동물병원
02 704 1800,서울특별시 마포구 신촌로 108,,,신촌 동물병원
02-332-7553,서울특별시 마포구 토정로 149,,,동물병원 the 말랑
309-4511,서울특별시 마포구 월드컵북로 151,,,이리온 동물병원
02-717-3333,서울특별시 마포구 백범로 130,,,24시 공덕종합동물병원
27041800,서울특별시 마포구 신촌로 108,,,신촌동물병원
701-7582,서울특별시 마포구 도화길 49,,,제스이종경동물병원
2608-5886,서울특별시 양천구 신월로 199,,,신월동물병원
2647-1772,서울특별시 양천구 등촌로 58,,,하니동물병원
2643-0283,서울특별시 양천구 목동서로 170 (목동,,,닥터펫 동물병원
2651-1855,서울특별시 양천구 목동중앙본로 113,,,대현동물병원
2604-0156-8,서울특별시 양천구 목동로 231,,,리베 동물의료센터
02-2647-7501,서울특별시 양천구 목동서로 77 (목동,,,행복동물병원
02-2643-0283,서울특별시 양천구 목동서로 170 (목동,,,닥터펫동물병원
2642-7588,서울특별시 양천구 목동로 161 (신정동,,,우리들 동물메디컬 센터
2645-7582,서울특별시 양천구 목동동로 309 (목동,,,쿨펫동물병원
2643-8204,서울특별시 양천구 중앙로 230,,,바우동물병원
2651-1855,서울특별시 양천구 목동중앙본로 113,,,대현동물병원
2652-5475,서울특별시 양천구 신목로 78,,,슈슈애견동물병원
2643-0283,서울특별시 양천구 목동서로 170 (목동,,,닥터펫 동물병원
2644-8275,서울특별시 양천구 목동동로8길 7,,,이솝동물병원
2645-7588,서울특별시 양천구 목동서로 35 (목동,,,가나동물병원
2644-8254,서울특별시 양천구 목동중앙본로 10 (목동,,,나우동물종합병원
2655-2258,서울특별시 양천구 공항대로 636,,,행복한 동물병원
2645-7611,서울특별시 양천구 목동서로 387 (신정동,,,하나동물병원
2694-9550,서울특별시 양천구 월정로 137,,,다정종합동물병원
2690-5673,서울특별시 양천구 월정로 46,,,햇살동물병원
2643-8204,서울특별시 양천구 중앙로 230,,,바우동물병원
02-2645-7611,서울특별시 양천구 목동서로 387,,,하나동물병원
2604-0156,서울특별시 양천구 목동로 231,,,홍익동물병원
2601-8275,서울특별시 양천구 중앙로 291,,,애니케어동물병원
2648-7997,서울특별시 양천구 오목로 318,,,메디펫종합 동물병원
2645-7611,서울특별시 양천구 목동서로 387 (신정동,,,하나 동물병원
2642-5994,서울특별시 양천구 신목로 59,,,이지동물병원
2604-0156,서울특별시 양천구 목동로 231,,,리베동물의료센터
02-2643-0283,서울특별시 양천구 목동서로 170 (목동,,,Dr.Pet 동물병원
2654-7345,서울특별시 양천구 목동로 17,,,펫서비스동물병원
2604-0256,서울특별시 양천구 목동로 231,,,리베동물 의료센터
2699-1222,서울특별시 양천구 신정로 312,,,푸른들동물병원
2694-9550,서울특별시 양천구 월정로 137,,,가스펠동물병원
2647-1772,서울특별시 양천구 등촌로 58,,,하니동물병원
2062-9725,서울특별시 양천구 목동중앙본로1길 5 (목동,,,아람동물병원
2608-9090,서울특별시 양천구 신정로 312 (신정동,,,하릅강아지 동물병원
02-2652-5475,서울특별시 양천구 신목로 80,,,리더스 동물병원
2642-9159,서울특별시 양천구 등촌로 160,,,강현림 종합동물병원
02-785-7582,서울특별시 영등포구 국제금융로 79,,,Dr.수동물병원
2690-5673,서울특별시 양천구 월정로 46,,,햇살동물병원
2695-1231,서울특별시 양천구 남부순환로 347,,,민병철동물병원
2645-2727,서울특별시 양천구 오목로 299,,,쿨펫이마트 목동점 동물병원
226546183,서울특별시 양천구 목동동로10길 6,,,노아동물병원
02-414-7975,서울특별시 송파구 송파대로 441,,,석촌동물병원
2649-0774,서울특별시 양천구 등촌로 16,,,필동물종합병원
2645-7588,서울특별시 양천구 목동서로 77,,,가나종합동물병원
2643-0283,서울특별시 양천구 목동서로 170,,,닥터펫동물병원
2697-7576,서울특별시 양천구 오목로 198-1 (신정동,,,신정 동물병원
2642-8653,서울특별시 양천구 등촌로 172,,,토론토 동물병원
2642-1239,서울특별시 양천구 목동동로 130,,,페토브 동물병원
2694-8275,서울특별시 양천구 신정이펜2로 22,,,구름동물병원
2644-8878,서울특별시 양천구 목동서로 100,,,파리스동물병원
02-2061-5277,서울특별시 양천구 신월로 320,,,밀리언동물병원
2645-1475,서울특별시 양천구 등촌로 218,,,혜인종합 동물병원
02-2643-8204,서울특별시 양천구 중앙로 230,,,다온동물병원
2643-7579,서울특별시 양천구 공항대로 552 (목동,,,오라고동물병원
6348-1982,서울특별시 양천구 목동중앙서로 42,,,팜랜드동물병원
02-2060-0999,서울특별시 양천구 목동남로2길 21,,,캐슬동물종합병원
6959-8448,서울특별시 양천구 남부순환로 421,,,서서울호수동물병원
2692-8255,서울특별시 양천구 신월로 149,,,파란종합 동물병원
2655-2258,서울특별시 양천구 공항대로 636,,,행복한동물병원
2644-0069,서울특별시 양천구 목동로 181,,,상아동물병원
02-2601-8875,서울특별시 양천구 중앙로 237,,,24시 서울 탑 동물병원
8464597,서울특별시 양천구 목동중앙북로 73,,,두암동물병원
2648-8275,서울특별시 양천구 목동서로 57,,,목동 동물병원
2651-8575,서울특별시 양천구 목동중앙북로 37,,,미니주동물병원
2062-1110,서울특별시 양천구 목동중앙로 43 (목동,,,리즈동물병원
2643-7882,서울특별시 양천구 목동남로4길 6-11,,,참사랑동물병원
02-2643-2777,서울특별시 양천구 등촌로 114,,,가온동물병원
02-2642-7588,서울특별시 양천구 목동로 171,,,우리들 노령동물 암센터
02-2690-7579,서울특별시 양천구 지양로 7,,,해맞이 동물병원
02-2653-3335,서울특별시 양천구 목동서로 401,,,산책동물병원
226918119,서울특별시 양천구 신월로10길 22,,,정말로동물병원
3662-8661,서울특별시 강서구 양천로 675,,,서서울동물병원
3665-1175,서울특별시 강서구 공항대로 459,,,비온뒤숲속동물병원
02-6925-5475,서울특별시 송파구 올림픽로35길 94,,,킴리동물병원
3665-1838,서울특별시 강서구 양천로 431 (가양동,,,쿨펫동물병원
2666-0829,서울특별시 강서구 마곡중앙로 36,,,쪼꼬동물병원
2664-8275,서울특별시 강서구 강서로 282,,,우장산 동물의료센터
2661-0530,서울특별시 강서구 공항대로 19 (공항동,,,송정종합동물병원
2661-1886,서울특별시 강서구 금낭화로 51-1,,,이솝동물병원
2664-8275,서울특별시 강서구 강서로 313 (내발산동,,,스누피동물병원
2602-3991,서울특별시 강서구 우장산로 107-1,,,지지펫동물병원
3663-3873,서울특별시 강서구 강서로 420 (등촌동,,,비타민c동물병원
2696-3196,서울특별시 강서구 화곡로43길 24 (화곡동,,,쥬라기동물종합병원
2699-3777,서울특별시 강서구 곰달래로 223 (화곡동,,,곰달래동물병원
2604-1495,서울특별시 강서구 까치산로 30,,,베스트동물병원
2665-2207,서울특별시 강서구 강서로 341 (내발산동,,,화이트동물병원
2665-8256,서울특별시 강서구 금낭화로 60 (방화동,,,주주24시종합동물병원
3662-3533,서울특별시 강서구 화곡로 398 (등촌동,,,도그플러스 동물병원
3662-1870,서울특별시 강서구 강서로 420 (등촌동,,,호서동물의료센터
2661-0530,서울특별시 강서구 공항대로 19 (공항동,,,송정종합동물병원
6082-7582,서울특별시 강서구 강서로18길 15 (화곡동,,,24시 동물병원
02-3663-1275,서울특별시 강서구 강서로 308,,,힐링캠프 동물병원
02-6116-1775,서울특별시 강서구 하늘길 38 (방화동,,,펫가든 동물병원
02-3664-0990,서울특별시 강서구 허준로 121,,,25시 도토리동물병원
3663-1275,서울특별시 강서구 방화대로5나길 6,,,다솔동물병원
6116-1775,서울특별시 강서구 하늘길 38,,,위즈펫동물병원 김포공항점
3662-8661,서울특별시 강서구 양천로 667,,,서서울동물병원
02-2666-2611,서울특별시 강서구 수명로 82,,,보다듬 동물병원
02-3662-5675,서울특별시 강서구 강서로 471,,,마곡숲동물병원
2694-4821,서울특별시 강서구 화곡로 205 (화곡동,,,대한동물병원
2608-0234,서울특별시 강서구 강서로 45 (화곡동,,,미래동물병원
3665-7582,서울특별시 강서구 양천로 651,,,염창제일동물병원
2652-7515,서울특별시 강서구 등촌로 55,,,서울플러스종합동물병원
2666-5667,서울특별시 강서구 양천로 72 (방화동,,,SKY동물병원
2603-0781,서울특별시 강서구 강서로17길 20 (화곡동,,,용봉동물병원
2666-6075,서울특별시 강서구 금낭화로 109 (방화동,,,하나동물병원
2666-0829,서울특별시 강서구 마곡중앙로 36,,,공감동물병원
2065-7582,서울특별시 강서구 가로공원로 198,,,올스타동물의료센터
3663-7584,서울특별시 강서구 양천로57길 10-20 (가양동,,,해맑은동물병원
2644-5975,서울특별시 강서구 곰달래로 260,,,하트온동물병원
3662-8661,서울특별시 강서구 양천로 674,,,서서울동물병원
2692-9290,서울특별시 강서구 까치산로 74,,,시온동물병원
3665-7975,서울특별시 강서구 공항대로 335 (등촌동,,,24시아프리카동물메디컬센터
2666-0370,서울특별시 강서구 방화대로47가길 7 (방화동,,,와우동물병원
02-2692-8275,서울특별시 강서구 강서로18길 17,,,한마음동물병원
02-2604-3584,서울특별시 강서구 강서로17길 52 (화곡동,,,세명 동물병원
2663-8520,서울특별시 강서구 개화동로27가길 27,,,공항 동물병원
02-2603-0075,서울특별시 강서구 강서로 215 (화곡동,,,미소동물의료센터
26610530,서울특별시 강서구 공항대로 39,,,송정동물메디컬센터
02-3661-8200,서울특별시 강서구 양천로57길 10-20,,,고려종합동물병원
2664-7773,서울특별시 강서구 금낭화로 52 (방화동,,,황하동물병원
26991222,서울특별시 강서구 양천로 663-1,,,푸른들동물병원
2657-7119,서울특별시 강서구 양천로 574 (등촌동,,,서울축산농협동물병원
2666-7990,서울특별시 강서구 마곡서로 133,,,참동물병원
226627515,서울특별시 강서구 방화대로33길 3,,,마곡M동물의료센터
02-3664-0075,서울특별시 강서구 공항대로 284,,,우리아이동물메디컬센터
2695-0072,서울특별시 강서구 강서로 36,,,세인트동물병원
02-2664-8275,서울특별시 강서구 강서로 282,,,우장산동물의료센터
02-2666-2611,서울특별시 강서구 수명로 82,,,마음사랑 동물병원
02-419-1010,서울특별시 송파구 올림픽로 145,,,리센츠 스타 동물병원
2665-8256,서울특별시 강서구 방화대로47가길 7 (방화동,,,굿모닝동물병원
02-2693-0075,서울특별시 강서구 화곡로 112,,,파스텔동물병원
02-2697-0052,서울특별시 강서구 강서로45길 28,,,오즈동물병원
02-3665-7588,서울특별시 강서구 공항대로 190,,,땅콩 동물병원
3665-1838,서울특별시 강서구 양천로 431 (가양동,,,가양쿨펫동물병원
02-2667-5666,서울특별시 강서구 수명로 74 (내발산동,,,스마일동물병원
2608-0973,서울특별시 강서구 곰달래로 199 (화곡동,,,고득영동물병원
2602-7582,서울특별시 강서구 화곡로 143 (화곡동,,,우장동물병원
2691-5900,서울특별시 강서구 곰달래로15길 46 (화곡동,,,강서동물병원
26662611,서울특별시 강서구 수명로 82,,,마음사랑 동물병원
2690-0327,서울특별시 강서구 강서로7길 104,,,느보동물병원
3662-8661,서울특별시 강서구 양천로 667,,,서서울동물병원
02-3664-4800,서울특별시 강서구 강서로 330 (내발산동,,,이츠동물병원
02-2603-0075,서울특별시 강서구 강서로 215,,,THE좋은 동물병원
696-3196,서울특별시 강서구 화곡로43길 24 (화곡동,,,스누피동물병원
666-8585,서울특별시 강서구 방화동로 48-1,,,공항동물병원
2663-8520,서울특별시 강서구 개화동로29길 15,,,공항축산
2601-7575,서울특별시 강서구 강서로 237,,,발산종합동물병원
3661-8200,서울특별시 강서구 양천로57길 10-20 (가양동,,,고려종합동물병원
2667-0365,서울특별시 강서구 송정로1길 29,,,준동물병원
2661-0530,서울특별시 강서구 공항대로 19 (공항동,,,송정종합동물병원
02-2672-7582,서울특별시 구로구 신도림로 7,,,구로다나은동물병원
02-2619-5102,서울특별시 구로구 고척로21길 13,,,24시 명동물병원
02-419-7580,서울특별시 송파구 삼학사로 34,,,이룸동물병원
02-2687-7582,서울특별시 구로구 서해안로 2096,,,클로버 동물병원
02-6949-3575,서울특별시 구로구 경인로 619-3,,,24시 신도림S동물의료센터
220887578,서울특별시 구로구 항동로3길 4,,,항동푸른숲동물병원
861-0075,서울특별시 구로구 구로동로 111-1,,,푸른동물병원
2060-8673,서울특별시 구로구 개봉로 121,,,굿모닝 동물병원
02-2043-7582,서울특별시 송파구 양재대로 1148,,,유앤동물의료원
2615-5014,서울특별시 구로구 고척로 157,,,개봉동물병원
2681-7585,서울특별시 구로구 경인로40길 25,,,한샘동물병원
2686-3939,서울특별시 구로구 개봉로 38-1,,,케이나인종합동물병원
2636-3992,서울특별시 구로구 경인로 661,,,신도림동물병원
859-8775,서울특별시 구로구 구로중앙로34길 30,,,벨라동물병원
02-2060-7512,서울특별시 구로구 천왕로 106,,,안정택동물병원
2619-5102,서울특별시 구로구 남부순환로 775 (개봉동,,,24시 명동물메디컬센터
2619-0888,서울특별시 구로구 개봉로 50,,,개명동물병원
2686-8008,서울특별시 구로구 경인로 196,,,금강종합동물병원
2619-7533,서울특별시 구로구 중앙로 67,,,해피동물병원
02-2611-5223,서울특별시 구로구 오리로 1286,,,365 마음동물병원
267347500,서울특별시 구로구 구일로10길 27,,,허브동물병원
236660204,서울특별시 구로구 중앙로8길 11,,,드림동물병원
2612-3232,서울특별시 구로구 경인로 236,,,오류동물병원
851-1368,서울특별시 구로구 도림로 98,,,사랑동물병원
2631-0085,서울특별시 구로구 경인로 638,,,구로종합동물병원
2066-2579,서울특별시 구로구 오류로 55,,,캥거루 동물병원
02-2135-5866,서울특별시 구로구 중앙로 64,,,올리브동물병원
28685477,서울특별시 구로구 오리로 1271,,,북극곰동물병원
6678-8775,서울특별시 구로구 구로중앙로 134 (구로동,,,쿨펫동물병원
868-7585,서울특별시 구로구 구로동로 159,,,구로종합동물병원
868-9192,서울특별시 구로구 구일로8길 92 (구로동,,,구일동물병원
023666-0204,서울특별시 구로구 중앙로8길 11,,,드림동물병원
6678-8775,서울특별시 구로구 구로중앙로 134 (구로동,,,쿨펫동물병원
2060-0999,서울특별시 구로구 고척로 238 (고척동,,,캐슬동물종합병원
859-7582,서울특별시 구로구 구로중앙로28길 1-1,,,수 동물병원
2060-0999,서울특별시 구로구 고척로 238 (고척동,,,우리동물종합병원
2060-0999,서울특별시 구로구 고척로 238 (고척동,,,캐슬동물종합병원
855-7525,서울특별시 구로구 구일로 110 (구로동,,,해원종합동물병원
2619-5102,서울특별시 구로구 고척로21길 13,,,24시 명 동물병원
2617-5101,서울특별시 구로구 중앙로 101 (고척동,,,명24시동물병원
2631-3263,서울특별시 구로구 경인로 482,,,쿨펫동물병원
2060-0999,서울특별시 구로구 고척로 238 (고척동,,,우리동물종합병원
6346-0075,서울특별시 구로구 경인로59길 7 (신도림동,,,토토동물병원
28567582,서울특별시 구로구 경인로 403,,,고척원동물의료센터
809-0075,서울특별시 금천구 벚꽃로 30,,,금나래동물병원
805-4758,서울특별시 금천구 금하로 745,,,노아동물병원
02-415-7579,서울특별시 송파구 올림픽로 435,,,리오동물병원
804-0975,서울특별시 금천구 금하로 694,,,은행나무종합동물병원
806-8355,서울특별시 금천구 금하로 679,,,조정연동물병원
856-4113,서울특별시 금천구 독산로 272,,,그린동물병원
805-2825,서울특별시 금천구 시흥대로 276,,,파랑새동물병원
28071616,서울특별시 금천구 금하로1라길 35,,,조아동물병원
02-449-8575,서울특별시 송파구 성내천로 229,,,두리동물병원
853-7582,서울특별시 금천구 독산로 348,,,우리동물병원
894-3030,서울특별시 금천구 독산로 58,,,제일종합동물병원
893-7582,서울특별시 금천구 시흥대로 201,,,쿨펫동물병원
02-3281-7582,서울특별시 금천구 독산로85길 40,,,러브펫동물병원
861-7511,서울특별시 금천구 두산로 71,,,아야야동물병원
02-783-7580,서울특별시 영등포구 국제금융로 108,,,여의도동물병원은하점
02-855-8575,서울특별시 금천구 시흥대로 483,,,24시 글로리 동물병원
894-8085,서울특별시 금천구 독산로 188,,,금천동물병원
02-833-8275,서울특별시 영등포구 시흥대로 647,,,아프리카동물병원
02-2676-7582,서울특별시 영등포구 영등포로 85-1,,,24시수동물메디컬센터
02-761-7580,서울특별시 영등포구 여의대방로 417,,,여의도동물병원대교점
2068-7558,서울특별시 영등포구 선유로 59,,,Dr.홍 동물병원
2632-7510,서울특별시 영등포구 영중로 125,,,펫가든동물병원
02-2676-7582,서울특별시 영등포구 영등포로 85-1,,,24시 수동물메디컬센터
2069-0082,서울특별시 영등포구 당산로 42 (문래동3가,,,도그플러스 동물병원
2635-7582,서울특별시 영등포구 양평로 6-1,,,토론토동물병원
2634-7577,서울특별시 영등포구 선유로 104,,,현대 동물병원
832-0081,서울특별시 영등포구 대림로 203,,,초이동물병원
02-831-0075,서울특별시 영등포구 가마산로 449-1,,,다움동물병원
02-835-7572,서울특별시 영등포구 신길로 70,,,신풍동물종합병원
02-832-7975,서울특별시 영등포구 가마산로 442,,,라이프 동물병원
02-2632-2307,서울특별시 영등포구 국회대로54길 10,,,영등포아크로 동물병원
02-2634-8275,서울특별시 영등포구 영중로 15,,,러브펫 동물병원
02-2677-2720,서울특별시 영등포구 선유로 76,,,캣앤캣 고양이 병원
28497582,서울특별시 영등포구 도영로 31,,,도림하나동물병원
02-6933-0113,서울특별시 영등포구 당산로36길 12,,,그림책 읽어주는 동물병원
841-0075,서울특별시 영등포구 영등포로76길 1,,,참 동물병원
02-3667-7780,서울특별시 영등포구 영등포로 184,,,뉴욕동물병원
02-416-7512,서울특별시 송파구 올림픽로35가길 9,,,더 샵 동물메디컬센터
02-848-7975,서울특별시 영등포구 신풍로 77,,,신길 온동물병원
2679-9997,서울특별시 영등포구 영신로 238,,,미소로동물병원
02-835-7975,서울특별시 영등포구 도신로 225-1,,,아람동물병원
02-783-7580,서울특별시 영등포구 국제금융로 108,,,여의도 동물병원
02-834-7582,서울특별시 영등포구 가마산로 324,,,왈츠동물병원
02-2069-0082,서울특별시 영등포구 당산로 42,,,도그플러스동물병원
2633-9991,서울특별시 영등포구 영등포로 131-2,,,영등포동물병원
02-844-7775,서울특별시 영등포구 도신로 252,,,한가람동물의료센터
2632-8687,서울특별시 영등포구 영중로27길 10,,,서울동물병원
833-7554,서울특별시 영등포구 여의대방로 11,,,유석동물병원
786-7582,서울특별시 영등포구 여의동로3길 10,,,I-pet 동물병원
02-832-7505,서울특별시 영등포구 신길로 119,,,시그널동물병원
02-408-5400,서울특별시 송파구 중대로9길 48,,,쿨독동물병원
02-415-7580,서울특별시 송파구 석촌호수로 138,,,잠실준25시동물병원
02-413-7514,서울특별시 송파구 오금로 126,,,호수동물병원
02-409-7533,서울특별시 송파구 오금로 422,,,에버펫 동물병원
2633-9991,서울특별시 영등포구 당산로 96,,,영등포동물병원
833-8275,서울특별시 영등포구 시흥대로 647,,,아프리카동물병원
833-8275,서울특별시 영등포구 시흥대로 647,,,아프리카 동물병원
02-812-7512,서울특별시 동작구 상도로 353,,,상도힐링동물병원
02-2634-8275,서울특별시 영등포구 영중로 15,,,(주)러브펫동물병원
02-2635-7582,서울특별시 영등포구 영중로 145,,,포레스트동물병원
2638-0644,서울특별시 영등포구 대림로 154,,,와우동물병원
831-6817,서울특별시 영등포구 여의대방로39길 33-2,,,인성동물병원
2633-9991,서울특별시 영등포구 당산로 96,,,영등포동물병원
841-8341,서울특별시 영등포구 도신로 106,,,도림동물병원
845-3368,서울특별시 영등포구 신길로 42,,,대림동물병원
070-8126-7582,서울특별시 영등포구 양평로24길 9,,,사랑의 동물병원
2638-0644,서울특별시 영등포구 영신로 22-2 (영등포동,,,강쥐생각동물병원
3775-3757,서울특별시 영등포구 여의대방로68길 15,,,우리동물병원
831-0075,서울특별시 영등포구 시흥대로 649,,,조은동물병원
761-7580,서울특별시 영등포구 여의대방로 417 (여의도동,,,여의도동물병원
2675-0883,서울특별시 영등포구 영중로 145 (영등포동8가,,,프랜드동물병원
02-2675-7557,서울특별시 영등포구 선유로 146,,,사랑동물병원
27837580,서울특별시 영등포구 국제금융로 108,,,여의도동물병원은하점
27617580,서울특별시 영등포구 여의대방로 417,,,여의도동물병원대교점
2671-8275,서울특별시 영등포구 양평로 106,,,선유동물병원
02-2635-2475,서울특별시 영등포구 양평로 5,,,이든동물의료센터
02-761-7580,서울특별시 영등포구 여의대방로 417,,,여의도동물병원대교점
02-521-5775,서울특별시 동작구 사당로 196,,,나을동물병원
02-586-8275,서울특별시 동작구 남부순환로 2051,,,사당동물병원
02-3486-7707,서울특별시 동작구 남부순환로267길 5 (사당동,,,세인트필립 동물병원
02-592-8875,서울특별시 동작구 사당로23나길 30 (사당동,,,이수동물병원
02-817-8172,서울특별시 동작구 상도로 315,,,정겨운동물병원
02-593-8275,서울특별시 동작구 사당로 289,,,굿파파 24시 반려동물건강검진센터
02-813-4567,서울특별시 동작구 흑석한강로 2,,,나무동물병원
02-823-7500,서울특별시 동작구 상도로 262,,,우리아이동물병원
02-812-8275,서울특별시 동작구 상도로31길 87,,,지엔동물병원
02-816-7582,서울특별시 동작구 장승배기로27길 18,,,디아크동물종합병원
02-822-7574,서울특별시 동작구 상도로 171,,,하나사랑동물병원
02-582-7708,서울특별시 동작구 사당로 252,,,동물은내친구
02-3280-7975,서울특별시 동작구 상도로 16,,,보라매웰종합동물병원
02-587-5618,서울특별시 동작구 사당로 180,,,원동물병원
02-595-7582,서울특별시 동작구 동작대로39길 22,,,엘'S동물병원
02-814-7582,서울특별시 동작구 상도로 71,,,동작동물종합병원
02-822-6466,서울특별시 동작구 성대로11길 46,,,김용각동물병원
02-813-9952,서울특별시 동작구 현충로 100,,,중앙동물병원
3472-1188,서울특별시 동작구 사당로 308 (사당동,,,야셀동물병원
02-532-1740,서울특별시 동작구 사당로 229,,,모범동물병원
02-3280-8275,서울특별시 동작구 상도로 214,,,유케어종합동물병원
02-817-0025,서울특별시 동작구 현충로 100,,,흑석동물병원
3472-1188,서울특별시 동작구 동작대로23길 8,,,야셀동물병원
02-816-7579,서울특별시 동작구 상도로 303,,,굿모닝동물병원
02-6053-6052,서울특별시 동작구 흑석한강로 27,,,동물병원스몰빌
02-6368-9490,서울특별시 동작구 현충로 150,,,주포드동물병원
070-4300-3938,서울특별시 동작구 상도로 111,,,캐나다동물병원
02-522-2656,서울특별시 동작구 사당로 284,,,나라동물병원
02-822-3459,서울특별시 동작구 양녕로 184-1 (상도동,,,종합동물병원 Pet Together
816-7579,서울특별시 동작구 상도로 303,,,굿모닝동물병원
587-5618,서울특별시 동작구 사당로 180,,,원동물병원
813-5999,서울특별시 동작구 여의대방로 284,,,플로리다 종합동물병원
592-8875,서울특별시 동작구 사당로23나길 30,,,정금동물병원
813-7579,서울특별시 동작구 상도로 58,,,피닉스동물병원
02-813-5999,서울특별시 동작구 여의대방로 284,,,강남동물병원
02-596-8275,서울특별시 동작구 사당로17길 3,,,다래동물병원
02-822-7582,서울특별시 동작구 성대로1길 24,,,마야네동물병원
02-877-5546,서울특별시 관악구 은천로 97,,,닥터킴 동물병원
02-863-8875,서울특별시 관악구 난곡로 98,,,난향동물병원
02-883-7511,서울특별시 관악구 봉천로 601,,,마음동물병원
02-830-1494,서울특별시 관악구 남부순환로 1531 (신림동,,,동물병원 베를린
883-2733,서울특별시 관악구 남부순환로 1859,,,관악동물병원
02-415-7585,서울특별시 송파구 송파대로 388,,,잠실종합동물병원
02-878-9978,서울특별시 관악구 봉천로 520,,,봉천현대동물병원
02-6959-0759,서울특별시 동작구 만양로 11,,,다정다감동물병원
02-885-2130,서울특별시 관악구 봉천로 239,,,보라매동물병원
02-872-7609,서울특별시 관악구 신림로 265,,,한성동물병원
02-2671-0026,서울특별시 영등포구 당산로 222,,,디오빌 동물병원
02-877-5599,서울특별시 관악구 신림로 157-1,,,신림종합동물병원
02-887-7179,서울특별시 관악구 은천로 121,,,행복한동물병원
02-883-0007,서울특별시 관악구 은천로 85,,,더블유동물병원
02-872-7582,서울특별시 관악구 쑥고개로 57-1,,,비바동물병원
02-6956-2475,서울특별시 관악구 남부순환로 1861,,,24시 굿케어동물의료센터
02-857-7572,서울특별시 관악구 난곡로 223-1,,,늘푸른동물병원
02-837-0837,서울특별시 관악구 조원중앙로 3,,,DS동물병원
02-866-0880,서울특별시 관악구 난곡로 247,,,와우종합동물병원
02-887-2165,서울특별시 관악구 봉천로 236,,,서진동물병원
02-874-7585,서울특별시 관악구 관악로 223,,,프렌즈동물병원
02-868-3931,서울특별시 관악구 남부순환로 1497,,,세계로동물의료센터
02-832-0081,서울특별시 관악구 봉천로 232,,,예일동물병원
02-883-2733,서울특별시 관악구 남부순환로 1859,,,관악동물종합병원
2068-2277,서울특별시 영등포구 선유서로 67,,,애드펫동물병원
02-875-7582,서울특별시 관악구 인헌6길 8,,,비타민동물병원
871-3685,서울특별시 관악구 남부순환로 1929,,,에덴동물병원
883-2733,서울특별시 관악구 남부순환로 1859,,,관악동물종합병원
875-7582,서울특별시 관악구 인헌6길 8,,,한빛동물병원
02-868-3931,서울특별시 관악구 남부순환로 1497,,,세계로동물병원
02-872-7588,서울특별시 관악구 관악로29길 3,,,로잔동물의료센터
873-0075,서울특별시 관악구 호암로 591,,,샘동물병원
02-877-7533,서울특별시 관악구 봉천로 516,,,연세동물병원
02-888-0976,서울특별시 관악구 남부순환로 1964,,,나눔 양한방 동물병원
887-2165,서울특별시 관악구 봉천로 236,,,서진동물병원
02-871-6704,서울특별시 관악구 신림로 138,,,정우동물병원
02-888-8807,서울특별시 관악구 신림로 233,,,서울동물병원
02-880-8661,서울특별시 관악구 관악로 1,,,서울대학교 수의과대학 동물병원
02-873-8400,서울특별시 관악구 은천로 22,,,은천동물병원
02-883-2733,서울특별시 관악구 남부순환로 1859,,,관악동물종합병원
3442-1613,서울특별시 서초구 강남대로83길 23 (반포동,,,21세기동물병원
596-1175,서울특별시 서초구 서초대로 325 (서초동,,,예스동물병원
595-8875,서울특별시 서초구 방배로 269,,,한나동물병원
592-3012,서울특별시 서초구 방배로 269 (방배동,,,삼호동물병원
2201-7502,서울특별시 서초구 사평대로 68,,,치료멍멍 동물의료센터
523-7582,서울특별시 서초구 서초중앙로 99 (서초동,,,열린동물병원
594-2631,서울특별시 서초구 고무래로 10-7 (반포동,,,엔터펫동물병원
585-0087,서울특별시 서초구 효령로 200 (서초동,,,한강동물병원서초점
581-2524,서울특별시 서초구 동작대로 36,,,포포즈동물의료센터
3477-7667,서울특별시 서초구 신반포로 49,,,반포한강동물병원
02-535-3119,서울특별시 서초구 방배로 232,,,헤이븐동물병원 방배서래점
448-1962,서울특별시 서초구 효령로 229,,,아이비동물병원
02-6401-7582,서울특별시 서초구 방배로 28,,,여울동물병원
591-1181,서울특별시 서초구 사평대로 130 (반포동,,,마이펫동물병원
593-8256,서울특별시 서초구 동광로 75,,,방배종합동물병원
584-5990,서울특별시 서초구 남부순환로333길 42,,,바이오-벳
6282-5757,서울특별시 서초구 신반포로 176 (반포동,,,쿨펫동물병원
596-4566,서울특별시 서초구 신반포로 257,,,임갑미동물병원
070-5226-0483,서울특별시 서초구 강남대로12길 23-13,,,도그스데이 동물병원
543-6007,서울특별시 서초구 강남대로 489 (반포동,,,강남동물병원
3477-7667,서울특별시 서초구 신반포로 49 (반포동,,,한강동물병원
534-0516,서울특별시 서초구 신반포로 49 (반포동,,,킴스동물병원
594-0075,서울특별시 서초구 고무래로 90-7 (서초동,,,정원동물병원
546-9539,서울특별시 서초구 주흥길 3,,,우성동물의료센터
591-7582,서울특별시 서초구 신반포로 219 (잠원동,,,코아동물병원
534-9166,서울특별시 서초구 신반포로3길 8 (반포동,,,더독동물병원
02-587-7582,서울특별시 서초구 효령로 229 (서초동,,,서울동물병원
583-7545,서울특별시 서초구 반포대로21길 23,,,엔터펫 종합동물병원
537-0684,서울특별시 서초구 사평대로 80 (반포동,,,한국스템셀동물메디컬센터
523-8275,서울특별시 서초구 서초중앙로 99 (서초동,,,24시열린동물병원
3445-5101,서울특별시 서초구 신반포로47길 18-6 (잠원동,,,한국수의과학연구소부설동물병원
02-577-6125,서울특별시 서초구 매헌로 16,,,이리온 for 몰리스
3444-7828,서울특별시 서초구 사평대로53길 27 (반포동,,,두코동물병원
3447-1357,서울특별시 서초구 신반포로 330 (반포동,,,STAR 동물종합병원
595-6224,서울특별시 서초구 서초대로 3-4,,,야셀동물병원
577-6125,서울특별시 서초구 매헌로 16,,,이리온 for 몰리스
533-2929,서울특별시 서초구 도구로 115-1 (방배동,,,에덴동물병원
537-7412,서울특별시 서초구 반포대로 287,,,신세계 동물병원
476-7541~2,서울특별시 강동구 성안로 170,,,해맑은동물병원
02-6052-8275,서울특별시 서초구 서래로 38,,,서래동물병원
833-0309,서울특별시 영등포구 여의대방로35길 1,,,대방동물병원
25366469,서울특별시 서초구 신반포로 257,,,해뜨는 동물병원 해질녘책방
02-595-8875,서울특별시 서초구 방배로 269,,,한나동물병원
02-574-7582,서울특별시 서초구 태봉로2길 30,,,서초힐스동물병원
597-7522,서울특별시 서초구 방배로 76,,,프렌즈동물병원
02-521-8181,서울특별시 서초구 반포대로 89,,,에이원동물병원
02-577-7475,서울특별시 서초구 마방로6길 18,,,사랑의동물병원
02-577-3690,서울특별시 서초구 동산로 66,,,한 동물병원
02-3444-7509,서울특별시 서초구 강남대로 525-3,,,라파엘동물병원
535-7579,서울특별시 서초구 잠원로 221,,,리즈동물병원
02-3471-0075,서울특별시 서초구 사임당로 151,,,에이비씨(ABC)동물병원
02-3474-7582,서울특별시 서초구 효령로 347,,,서초이음동물병원
02-595-7588,서울특별시 서초구 방배중앙로 198,,,몽마르뜨 동물병원
02-532-5119,서울특별시 서초구 동광로 15,,,헤이븐동물병원
02-424-3662,서울특별시 송파구 송파대로 378,,,송파동물의료센터
593-7667,서울특별시 서초구 방배로 204 (방배동,,,방배한강동물병원
02-582-2186,서울특별시 서초구 방배로34길 12,,,남서울동물병원
582-2357,서울특별시 서초구 효령로57길 4,,,서초동물병원
522-0222,서울특별시 서초구 반포대로 45,,,아델 동물병원
02-2135-9119,서울특별시 서초구 신반포로 162 (반포동,,,헬릭스동물메디컬센터
02-3473-0911,서울특별시 서초구 효령로 95,,,반려동물 의료센터 다울
02-6925-2225,서울특별시 서초구 방배로19길 19,,,서울종합동물병원방배
02-593-7575,서울특별시 서초구 서래로 18,,,이을동물병원
02-586-7501,서울특별시 서초구 효령로 384,,,메디펫 동물병원
581-5500,서울특별시 서초구 서초대로 124,,,동물제중원금손이 동물병원
02-585-0087,서울특별시 서초구 효령로 214,,,다니엘동물병원
02-3476-7522,서울특별시 서초구 반포대로 287,,,두리종합동물병원
25219010,서울특별시 서초구 방배로 119,,,디아나동물병원
02-533-5505,서울특별시 서초구 나루터로 37,,,이상록동물병원
596-1175,서울특별시 서초구 서초대로 325 (서초동,,,교대동물병원
02-3476-3535,서울특별시 서초구 사평대로45길 10-25,,,반포자이동물병원
02-574-0511,서울특별시 서초구 헌릉로8길 10-12,,,하나동물병원
577-6125,서울특별시 서초구 매헌로 16,,,이리온 양재점
476-7582,서울특별시 강동구 양재대로 1601,,,명성동물병원
3472-8275,서울특별시 서초구 사임당로 139,,,서이동물병원
02-578-7572,서울특별시 서초구 바우뫼로7길 8,,,우면동물병원
534-9773,서울특별시 서초구 방배중앙로 149,,,수동물병원
02-2039-8900,서울특별시 강북구 덕릉로 133,,,마인동물의료센터
02-537-0075,서울특별시 서초구 서초중앙로 245,,,신반포종합동물병원
534-3475,서울특별시 서초구 잠원로 24 (반포동,,,24시예스동물병원
02-575-0855,서울특별시 서초구 논현로 173,,,레스펫동물병원
593-1045,서울특별시 서초구 강남대로 631,,,유림동물안과병원
02-588-7511,서울특별시 서초구 서초중앙로 72,,,서초M동물의료센터
3473-7582,서울특별시 서초구 사임당로 99 (서초동,,,우리들의동물병원
02-3474-7582,서울특별시 서초구 효령로 347,,,다스림 양한방 동물병원
02-537-7412,서울특별시 서초구 신반포로 143,,,신세계동물병원
583-7582,서울특별시 서초구 강남대로 196 (양재동,,,(주)아크리스동물병원
593-8238,서울특별시 서초구 방배로 232,,,이성환동물병원
579-1932,서울특별시 서초구 바우뫼로 179,,,이강남동물병원
02-575-0750,서울특별시 서초구 태봉로 62,,,햇살아래 동물병원
02-583-7545,서울특별시 서초구 효령로49길 52 (서초동,,,엔터펫동물병원
554-8875,서울특별시 강남구 언주로 314,,,도곡종합동물병원
545-0075,서울특별시 강남구 도산대로 309,,,치료멍멍동물병원
02-3472-1188,서울특별시 서초구 방배천로8길 34,,,이삭동물병원
02-424-2955,서울특별시 송파구 삼학사로 75,,,하트동물메디컬센터
02-3443-8275,서울특별시 강남구 선릉로 620,,,닥터펫동물의료센터
549-7579,서울특별시 강남구 압구정로 134,,,가로수동물병원
02-575-7581,서울특별시 강남구 논현로10길 14,,,한 동물병원
02-3445-7275,서울특별시 강남구 영동대로 708,,,일마레 동물 메디컬 센터
02-555-6835,서울특별시 강남구 역삼로 459,,,원동물병원
02-549-7582,서울특별시 강남구 논현로 621,,,충현동물병원
02-540-6303,서울특별시 강남구 압구정로 332 (신사동,,,압구정메이트동물병원
02-529-7587,서울특별시 강남구 언주로30길 21,,,그레이동물병원 강남점
02-577-7582,서울특별시 강남구 개포로 243,,,나은동물병원
02-583-7582,서울특별시 강남구 봉은사로104길 10,,,아크리스동물의료센터
02-569-7582,서울특별시 강남구 도곡로51길 4,,,24시OK동물병원
556-7588,서울특별시 강남구 남부순환로 2911-1,,,래이동물의료센터
02-413-0075,서울특별시 송파구 오금로 247,,,가락종합동물병원
02-548-5466,서울특별시 강남구 학동로 413 (청담동,,,굿모닝동물병원
573-7582,서울특별시 강남구 논현로 70,,,개포별빛동물병원
02-541-7515,서울특별시 강남구 삼성로 614,,,24시 청담우리 동물병원
554-7582,서울특별시 강남구 삼성로 14,,,스마트동물병원
514-7582,서울특별시 강남구 봉은사로 205,,,강남동물병원
02-566-8211,서울특별시 강남구 역삼로 426,,,서울동물의료센터
574-7533,서울특별시 강남구 선릉로 806,,,이안동물의학센터(청담점)
568-7975,서울특별시 강남구 역삼로 235,,,위너스 동물병원
512-2575,서울특별시 강남구 삼성로 573,,,마이펫동물의료센터
02-335-3333,서울특별시 강남구 학동로81길 9,,,우리동생 동물병원
02-451-7582,서울특별시 강남구 일원로9길 74,,,임재성동물의료센터
02-566-5852,서울특별시 강남구 역삼로 138,,,하나카동물병원
02-549-9773,서울특별시 강남구 압구정로 151,,,튼튼동물병원
445-7588,서울특별시 강남구 자곡로 114,,,자곡퍼스트동물의료센터
02-2202-0075,서울특별시 송파구 백제고분로 161,,,위드펫종합동물병원
02-443-8973,서울특별시 송파구 동남로 318,,,김민재동물병원
02-561-3375,서울특별시 강남구 도곡로 115,,,아이힐 동물병원
02-572-2772,서울특별시 강남구 선릉로4길 13,,,디아동물병원
515-0275,서울특별시 강남구 압구정로 228,,,열린종합동물병원
02-545-4975,서울특별시 강남구 논현로 813,,,에이드동물병원
3446-8253,서울특별시 강남구 학동로6길 7,,,와이즈24시 동물병원
02-554-7505,서울특별시 강남구 논현로 515,,,닥터박동물병원
02-556-0975,서울특별시 강남구 선릉로 412,,,주주동물종합병원
511-6364,서울특별시 강남구 논현로86길 22,,,백산동물병원
02-354-9990,서울특별시 은평구 응암로 278,,,서울은내과동물병원
02-401-0075,서울특별시 송파구 오금로 498,,,노아동물병원
02-577-7579,서울특별시 강남구 삼성로 11,,,다랑동물병원
02-459-7515,서울특별시 강남구 밤고개로 223,,,얼바인동물병원
02-541-2651,서울특별시 강남구 선릉로 636,,,퍼피즌동물병원
02-3412-7582,서울특별시 강남구 개포로 512 (개포동,,,개포동물병원
02-576-8275,서울특별시 강남구 개포로 260,,,자연동물병원
02-459-5955,서울특별시 강남구 광평로 196,,,수서동물병원
02-543-4037,서울특별시 강남구 도산대로50길 13,,,청담동물병원
02-501-8275,서울특별시 강남구 도곡로 520,,,대치동물메디컬센터
02-2237-7582,서울특별시 강남구 삼성로133길 7,,,놀로동물행동클리닉
02-576-1239,서울특별시 강남구 도곡로 174,,,강남다온동물병원
3443-0275,서울특별시 강남구 압구정로 108 (신사동,,,압구정웰동물병원
557-1555,서울특별시 강남구 선릉로 533,,,선릉동물병원
02-572-9300,서울특별시 강남구 남부순환로 2737,,,우리집동물병원
02-3442-3785,서울특별시 강남구 강남대로118길 47,,,논현동물병원
02-547-7588,서울특별시 강남구 압구정로 226,,,압구정동물의료센터
02-562-7582,서울특별시 강남구 논현로 416,,,24시SNC동물메디컬센터
02-6951-4327,서울특별시 강남구 압구정로29길 68,,,봄사랑 동물병원
02-454-8275,서울특별시 강남구 봉은사로57길 59,,,혜민동물병원
6053-6052,서울특별시 강남구 일원로14길 25,,,수정동물병원
02-511-2842,서울특별시 강남구 선릉로 756,,,이비치 동물치과병원
445-7579,서울특별시 강남구 헌릉로 569,,,마더스동물병원
569-7582,서울특별시 강남구 선릉로 338,,,24시 OK동물병원
572-9975,서울특별시 강남구 선릉로 42,,,개포베스트동물병원
02-545-8575,서울특별시 강남구 학동로 235,,,강남25동물병원
583-7582,서울특별시 강남구 학동로 138,,,아크리스 동물의료센터
518-7500,서울특별시 강남구 강남대로 536,,,영동동물병원
565-5791,서울특별시 강남구 선릉로66길 5 (대치동,,,21세기종합동물병원
546-2999,서울특별시 강남구 강남대로118길 60,,,카디오 동물의료병원
508-5575,서울특별시 강남구 영동대로 217,,,하나동물병원
554-8875,서울특별시 강남구 언주로 314,,,도곡종합동물병원
569-7582,서울특별시 강남구 선릉로 338 (대치동,,,24시 OK 동물병원
547-4426,서울특별시 강남구 삼성로 642 (삼성동,,,마이펫 하우스 동물병원
549-5973,서울특별시 강남구 도산대로 425 (청담동,,,닥터신 동물병원
544-1672,서울특별시 강남구 도산대로 523,,,파랑새청담종합동물병원
555-2272,서울특별시 강남구 남부순환로 2912,,,라온펫동물의료센터
549-4505,서울특별시 강남구 도산대로 138,,,24시 신사동물병원
542-9273,서울특별시 강남구 선릉로 620,,,닥터펫동물의료센타
02-549-0275,서울특별시 강남구 도산대로 213,,,스마트동물병원(신사본점)
3017-7582,서울특별시 강남구 남부순환로 2804 (도곡동,,,닥터그레이동물병원
508-5575,서울특별시 강남구 영동대로 217,,,하나동물병원
3442-7560,서울특별시 강남구 강남대로132길 48,,,싼타힐
541-7588,서울특별시 강남구 도산대로 312 (논현동,,,그레이시 동물병원
579-2474,서울특별시 강남구 강남대로 272,,,24시양재동물병원
568-2090,서울특별시 강남구 도곡로37길 20 (역삼동,,,오래오래동물병원
02-545-0075,서울특별시 강남구 도산대로 309,,,치료멍멍동물병원
02-548-5466,서울특별시 강남구 학동로 413,,,굿모닝 동물병원
02-541-7515,서울특별시 강남구 삼성로 654 (삼성동,,,청담우리동물병원
02-512-2575,서울특별시 강남구 봉은사로 477 (삼성동,,,마이펫하우스동물병원
34430275,서울특별시 강남구 압구정로 108,,,압구정신24동물병원
544-5042,서울특별시 강남구 봉은사로 307,,,안세동물병원
2051-0075,서울특별시 강남구 논현로 337,,,디앤씨동물병원
2202-3678,서울특별시 강남구 삼성로135길 41 (청담동,,,홈케어 동물병원
02-3442-5554,서울특별시 강남구 학동로6길 18,,,그레이스동물병원
02-541-1966,서울특별시 강남구 도산대로 309 (신사동,,,치료멍멍한방병원
02-445-7582,서울특별시 강남구 광평로31길 27 (수서동,,,수서동물병원
02-3443-8275,서울특별시 강남구 선릉로 620,,,닥터펫동물병원
508-7534,서울특별시 강남구 도곡로13길 5 (역삼동,,,나래동물병원
546-2475,서울특별시 강남구 도산대로 155 (신사동,,,24시 페츠비동물병원
02-558-6354,서울특별시 강남구 역삼로 134 (역삼동,,,메디포즈 동물의료센터
1644-9416,서울특별시 강남구 도곡로 115,,,봄동물병원
3447-0379,서울특별시 강남구 선릉로 806,,,한국동물영상의학센터
546-2476,서울특별시 강남구 도산대로 155,,,페츠비동물의료센터
02-445-7579,서울특별시 강남구 헌릉로 569 (세곡동,,,마더스동물병원
02-538-6121,서울특별시 강남구 도곡로 401 (대치동,,,쿨펫동물병원
02-538-6121,서울특별시 강남구 도곡로 401 (대치동,,,쿨 펫 동물병원 강남점
02-558-7975,서울특별시 강남구 테헤란로64길 13 (대치동,,,루이스동물병원
02-501-8275,서울특별시 강남구 도곡로 447,,,베스트동물병원
02-538-6121,서울특별시 강남구 도곡로 401,,,쿨펫동물병원
508-5575,서울특별시 강남구 영동대로 217 (대치동,,,하나동물병원
3432-7533,서울특별시 송파구 백제고분로 270,,,동산동물병원
02-3445-7582,서울특별시 강남구 논현로 621,,,충현동물심장진료센터
546-2475,서울특별시 강남구 도산대로 155 (신사동,,,24시 페츠비동물병원
02-566-5852,서울특별시 강남구 역삼로 138,,,현진우 동물병원
2202-3678,서울특별시 강남구 봉은사로 146 (역삼동,,,알프스동물병원
556-6125,서울특별시 강남구 삼성로 312,,,이리온 동물의료원-대치점
02-501-0577,서울특별시 강남구 논현로 546,,,프렌즈동물병원
514-2486,서울특별시 강남구 봉은사로 463,,,백산동물병원
533-5790,서울특별시 강남구 남부순환로 2917 (대치동,,,청실동물병원
514-7582,서울특별시 강남구 봉은사로 205,,,강남동물병원
02-568-0275,서울특별시 강남구 도곡로 510,,,센트럴동물병원
568-2934,서울특별시 강남구 삼성로 212 (대치동,,,로잔수의과병원
02-459-2824,서울특별시 강남구 일원로 45,,,삼성종합동물병원
568-1435,서울특별시 강남구 언주로103길 51,,,Dr.베토벤동물병원
511-6364,서울특별시 강남구 강남대로118길 23,,,백산동물병원
3411-1604,서울특별시 강남구 개포로 512 (개포동,,,개포동물병원
02-3452-6193,서울특별시 강남구 역삼로 406,,,그린동물병원
533-6697,서울특별시 강남구 삼성로 212 (대치동,,,대치동물병원
02-578-8400,서울특별시 강남구 개포로 223,,,포이동물병원
549-7582,서울특별시 강남구 논현로 621,,,충현동물병원
02-541-7515,서울특별시 강남구 삼성로 654 (삼성동,,,우리종합동물병원
02-573-7582,서울특별시 강남구 남부순환로363길 12-9 (도곡동,,,퍼플동물병원
02-566-8211~2,서울특별시 강남구 역삼로 423 (대치동,,,서울동물병원
558-7975,서울특별시 강남구 테헤란로64길 13,,,스누피동물병원
3445-7275,서울특별시 강남구 도산대로 514,,,일마레동물메디컬센터
02-565-7582,서울특별시 강남구 봉은사로44길 1,,,한아름동물병원
02-514-2486,서울특별시 강남구 봉은사로 463 (삼성동,,,양현국동물병원
568-7457,서울특별시 강남구 도곡로 175,,,튼튼종합동물병원
02-556-8037,서울특별시 강남구 도곡로 401 (대치동,,,펫 마스터 동물병원
02-546-2475,서울특별시 강남구 도산대로 155,,,신사24시SKY동물병원
02-546-2999,서울특별시 강남구 강남대로118길 60,,,카디오 동물의료병원
1644-9416,서울특별시 강남구 도곡로 115,,,봄동물병원
02-501-8275,서울특별시 강남구 도곡로 439,,,대치동물의료센터
02-2226-7975,서울특별시 강남구 광평로10길 50 (일원동,,,다옴동물병원
269257021,서울특별시 강남구 학동로 437,,,아이윌24시동물병원
515-8276,서울특별시 강남구 강남대로128길 34,,,와이즈동물병원
566-8211,서울특별시 강남구 역삼로 412 (대치동,,,서울동물병원
508-5575,서울특별시 강남구 영동대로 217,,,하나동물병원
02-574-7533,서울특별시 강남구 개포로22길 14,,,이안동물진단센터
02-545-0075,서울특별시 강남구 도산대로 309,,,치료멍멍동물병원
566-8211,서울특별시 강남구 역삼로 426,,,서울동물병원
02-565-5023,서울특별시 강남구 남부순환로 2936,,,아미칼동물병원
02-501-8275,서울특별시 강남구 도곡로 439,,,대치동물의료센터
02-517-7775,서울특별시 강남구 압구정로29길 71 (압구정동,,,우리들동물병원
02-518-7500,서울특별시 강남구 강남대로 536,,,영동동물병원
02-574-8956,서울특별시 강남구 개포로22길 14 (개포동,,,이안동물영상의학센터
508-7583,서울특별시 강남구 역삼로 234,,,드림동물병원
02-556-5252,서울특별시 강남구 언주로 527,,,역삼동물병원
557-1555,서울특별시 강남구 선릉로 528,,,선릉동물병원
512-2575,서울특별시 강남구 삼성로 573,,,마이펫동물의료센터
517-7775,서울특별시 강남구 압구정로29길 71,,,우리동물병원
508-5859,서울특별시 강남구 영동대로 217 (대치동,,,하나동물병원
02-6677-1020,서울특별시 강남구 강남대로118길 53 (논현동,,,아지케어
02-554-7505,서울특별시 강남구 논현로 515,,,24시 닥터멍 동물병원
553-7975,서울특별시 강남구 역삼로 149,,,큐빌론동물병원
555-2272,서울특별시 강남구 남부순환로 2912 (대치동,,,펫프렌즈 동물의료센터
02-501-8275,서울특별시 강남구 도곡로 447 (대치동,,,베스트동물병원
02-555-6835,서울특별시 강남구 역삼로 442,,,원동물병원
02-544-9988,서울특별시 강남구 학동로 165 (논현동,,,학동24시동물병원
568-7457,서울특별시 강남구 도곡로 175 (역삼동,,,서울가족동물병원
558-7975,서울특별시 강남구 테헤란로64길 13,,,루이스동물병원
549-7579,서울특별시 강남구 압구정로 134,,,가로수 동물병원
02-546-2475~6,서울특별시 강남구 도산대로 155,,,페츠비동물병원
420-9993,서울특별시 송파구 가락로 162,,,한양종합동물병원
4004633,서울특별시 송파구 강동대로 320 (방이동,,,올림픽동물병원
412-0098,서울특별시 송파구 백제고분로 131,,,팔라스동물병원
2202-3633,서울특별시 송파구 송파대로 451,,,닥터제이동물병원
449-8575,서울특별시 송파구 성내천로 211 (마천동,,,메디펫동물병원
400-4633,서울특별시 송파구 강동대로 300,,,오즈동물병원
413-7119,서울특별시 송파구 오금로 169,,,페미페츠동물병원
423-2075,서울특별시 송파구 올림픽로35길 124,,,늘푸른동물병원
416-8070,서울특별시 송파구 오금로 168,,,강남종합동물병원
2202-3515,서울특별시 송파구 백제고분로 195 (삼전동,,,서울동물의료원
408-9725,서울특별시 송파구 오금로 494,,,가람종합동물병원
02-443-7533,서울특별시 송파구 오금로 306,,,오금동물병원
430-5353,서울특별시 송파구 마천로 76 (오금동,,,이솝 동물병원
473-0577,서울특별시 송파구 토성로 30-1,,,애니종합동물병원
419-0430,서울특별시 송파구 백제고분로 218,,,사랑의동물병원
430-5353,서울특별시 송파구 마천로 76,,,솔로몬동물병원
4006294,서울특별시 송파구 마천로26길 12,,,거여가축병원
3401-7588,서울특별시 송파구 송이로32길 16 (문정동,,,서울동물병원
428-8778,서울특별시 송파구 중대로 80 (문정동,,,"펫,알엔티 동물병원"
02-471-8275,서울특별시 송파구 올림픽로35가길 16,,,위즈펫동물병원
02-3401-0075,서울특별시 송파구 위례광장로 136,,,위례동물병원
02-424-7582,서울특별시 송파구 올림픽로35길 112,,,바우동물병원
2203-0040,서울특별시 송파구 올림픽로 240,,,한울동물병원
02-417-7774,서울특별시 송파구 오금로 147,,,잘키움행동치료동물병원
02-6941-1470,서울특별시 송파구 올림픽로 240,,,웰니스동물병원(롯데월드점)
2143-1735,서울특별시 송파구 올림픽로 240,,,쿨펫 월드점 동물병원
02-425-6125,서울특별시 송파구 오금로 182,,,이리온 동물의료원
4120098,서울특별시 송파구 백제고분로 131,,,아미동물병원
4156279,서울특별시 송파구 백제고분로46길 27,,,이동훈동물병원
3431-6007,서울특별시 송파구 석촌호수로 188,,,잠실VIP동물병원
4730577,서울특별시 송파구 토성로 30-1,,,청담동물병원
443-7533,서울특별시 송파구 오금로 306,,,오금동물병원
3401-7582,서울특별시 송파구 송이로32길 19,,,하군이네 동물병원
400-4633,서울특별시 송파구 강동대로 300,,,오즈동물병원
400-7555,서울특별시 송파구 충민로2길 36,,,치치동물병원
424-7588,서울특별시 송파구 올림픽로 435,,,에이스종합동물병원
443-9229,서울특별시 송파구 동남로4길 25,,,로데오24종합동물병원
400-3644,서울특별시 송파구 오금로46길 36,,,더독동물병원
4303737,서울특별시 송파구 중대로 206,,,에이스동물병원
418-8611,서울특별시 송파구 올림픽로 362,,,박경호동물병원
4191351,서울특별시 강남구 봉은사로72길 33,,,25시동물병원
449-8575,서울특별시 송파구 성내천로 306,,,다사랑동물병원
431-7575,서울특별시 송파구 동남로 202 (가락동,,,더 동물병원
402-9119,서울특별시 송파구 중대로 320,,,준동물병원
431-7575,서울특별시 송파구 동남로 202,,,문정종합동물병원
2202-3515,서울특별시 송파구 백제고분로 195 (삼전동,,,서울동물의료원
484-4063,서울특별시 송파구 올림픽로 553,,,박형우동물병원
406-4814,서울특별시 송파구 마천로 263,,,동물의왕국
419-2611,서울특별시 송파구 가락로 62,,,엄마손동물병원
406-4814,서울특별시 송파구 마천로 263,,,동물의왕국
4139181,서울특별시 송파구 백제고분로48길 6,,,한성종합동물병원
413-7119,서울특별시 송파구 오금로 169,,,페미페츠동물병원
420-8133,서울특별시 송파구 백제고분로46길 41-12,,,(주)한국동물임상연구소
413-7119,충청남도 예산군 예산읍 아리랑로 93-10,,,(주)패미프랜동물병원
412-5657,서울특별시 송파구 오금로31길 41 (방이동,,,오륜동물병원
2203-0049,서울특별시 송파구 올림픽로 212 (잠실동,,,쿨펫동물병원
403-0222,서울특별시 송파구 송이로 95,,,밍키종합동물병원
416-8875,서울특별시 송파구 가락로 259,,,방이동물병원
443-7533,서울특별시 송파구 오금로 306 (가락동,,,오금 동물병원
2202-0344,서울특별시 송파구 백제고분로 181 (잠실동,,,최재호한방동물병원
422-3379,서울특별시 송파구 삼전로 85,,,KYH웰빙동물병원
430-7972,서울특별시 송파구 문정로4길 18,,,해뜨는 동물병원
419-7571,서울특별시 송파구 백제고분로 432 (송파동,,,송파원동물병원
430-7585,서울특별시 송파구 송이로 98,,,해밀동물병원
413-6676,서울특별시 송파구 가락로 259 (방이동,,,레인보우동물병원
2203-0040,서울특별시 송파구 올림픽로 212 (잠실동,,,잠실초이 동물병원
419-8275,서울특별시 송파구 백제고분로 214,,,건국동물병원
400-7582,서울특별시 송파구 송이로 171,,,봄빛동물병원
416-8070,서울특별시 송파구 오금로 168,,,강남종합동물병원
420-0975,서울특별시 송파구 석촌호수로 94,,,신천 동물병원
3431-6007,서울특별시 송파구 석촌호수로 188 (석촌동,,,로잔동물병원
3401-7588,서울특별시 송파구 송이로32길 16 (문정동,,,서울동물병원
02-3213-2798,서울특별시 송파구 올림픽로 300,,,펫가든동물병원 월드타워점
473-0577,서울특별시 송파구 토성로 30-1 (풍납동,,,튼튼동물병원
420-7580,서울특별시 송파구 백제고분로 115 (잠실동,,,꿈이 크는 동물병원
422-7773,서울특별시 송파구 석촌호수로 74,,,참 동물병원
2144-6175,서울특별시 송파구 올림픽로 212,,,갤러리아동물병원
2047-4224,서울특별시 송파구 충민로 10,,,웰니스동물병원
404-8275,서울특별시 송파구 마천로 274,,,첼린저동물병원
02-415-7114,서울특별시 송파구 가락로 210,,,송이종합동물병원
400-7582,서울특별시 송파구 송이로 171,,,봄빛 동물병원
23069990,서울특별시 은평구 수색로 200(증산동,,,정든동물병원
354-0087,서울특별시 은평구 증산로 413,,,야옹동물병원
02-830-1494,서울특별시 송파구 백제고분로 506,,,베를린 동물치과센터
02-443-8898,서울특별시 송파구 양산로4길 13,,,마루동물병원
420-9993,서울특별시 송파구 가락로 162,,,한양종합동물병원
02-517-5585,서울특별시 강남구 선릉로126길 6,,,강남예치과동물병원
02-449-0075,서울특별시 송파구 오금로 473,,,온마음 동물메디컬센터
02-470-7905,서울특별시 송파구 올림픽로47길 20,,,씨밀레동물병원
02-423-8280,서울특별시 송파구 올림픽로 119,,,연 동물병원
402-9119,서울특별시 송파구 위례성대로 178,,,준동물병원
02-420-7580,서울특별시 송파구 백제고분로 115,,,꿈이크는 동물병원
919-0075,서울특별시 노원구 노원로 408,,,노원N동물의료센터
02-2039-2575,서울특별시 송파구 백제고분로 293,,,닥터캣 고양이병원
02-419-1351,서울특별시 송파구 삼전로 80,,,25시동물의료센터
02-545-8952,서울특별시 강남구 강남대로122길 47,,,커비동물병원
02-473-6900,서울특별시 송파구 올림픽로 611,,,천호동물병원
02-415-7555,서울특별시 송파구 오금로 185,,,송파 마리동물병원
3428-4036,서울특별시 강동구 구천면로 428,,,펫클럽동물병원
428-1161,서울특별시 강동구 고덕로62길 55,,,주양동물병원
486-4252,서울특별시 강동구 천호대로 1190,,,김태화동물병원
02-402-6752,서울특별시 강동구 천호대로191길 6,,,양지가축동물병원
02-478-2208,서울특별시 강동구 천호대로191길 6,,,양지가축동물병원
24887524,서울특별시 강동구 양재대로 1571,,,위즈펫동물병원 강동점
3427-7582,서울특별시 강동구 올림픽로 800,,,광나루동물병원
471-8275,서울특별시 강동구 양재대로 1299,,,페토피아동물병원
02-488-7524,서울특별시 강동구 양재대로 1571 (천호동,,,위즈펫동물병원 강동점
02-457-0075,서울특별시 강동구 양재대로 1410,,,서울동물메디컬센터
426-7722,서울특별시 강동구 아리수로 421,,,아프리카동물병원
426-2775,서울특별시 강동구 고덕로 133,,,사랑해동물병원
479-2275,서울특별시 강동구 풍성로 197,,,한나동물병원
02-426-2775,서울특별시 강동구 고덕로 133,,,돌봄동물병원
02-484-4063,서울특별시 강동구 올림픽로 566,,,닥터표동물병원
02-488-8275,서울특별시 강동구 올림픽로 568,,,박형우동물병원
02-475-7501,서울특별시 강동구 성안로 16,,,석동물병원
02-484-5502,서울특별시 강동구 성내로 36,,,가람동물병원
02-6227-8275,서울특별시 강동구 동남로 877,,,고덕24시 동물병원
02-3428-0045,서울특별시 강동구 고덕로 399,,,센트럴동물병원
02-426-7722,서울특별시 강동구 아리수로 421,,,아프리카동물병원
02-441-7585,서울특별시 강동구 고덕로 399,,,고덕 동물의료센터
02-6403-1750,서울특별시 강동구 천중로49길 4,,,사랑동물병원
02-426-7979,서울특별시 강동구 아리수로93나길 60,,,메이플 동물의료센터
2645-7582,서울특별시 양천구 목동동로 309,,,행복한세상동물병원
02-426-2775,서울특별시 강동구 고덕로 133,,,사랑해동물병원
02-404-6123,서울특별시 송파구 오금로35길 44,,,이재풍동물병원
02-588-8661,서울특별시 서초구 동작대로 20,,,동편동물혈액검진센터
02-2215-7522,서울특별시 동대문구 한천로14길 87,,,VIP동물의료센터
0507-1375-5852,서울특별시 송파구 법원로4길 10,,,문정힐스 동물병원
02-335-3333,서울특별시 마포구 월드컵북로12길 22,,,우리동생 동물병원
02-2282-0119,서울특별시 성동구 금호로 146,,,조형선외과동물병원
02-2039-7572,서울특별시 성동구 왕십리로 410 (하왕십리동,,,다온동물병원
436-7311,서울특별시 중랑구 망우로 415,,,세진동물병원
02-427-1076,서울특별시 강동구 구천면로 664,,,Dr.베토벤동물병원
02-2124-2832,서울특별시 마포구 매봉산로 31,,,서울동물복지지원센터 동물병원
02-420-0975,서울특별시 송파구 석촌호수로 108,,,신천동물병원
2607-0022,서울특별시 양천구 오목로 45,,,양천종합동물병원
02-2690-9990,서울특별시 강서구 강서로 206,,,나음동물의료센터
02-423-5755,서울특별시 강남구 영동대로 22,,,나리울동물병원
02-797-4408,서울특별시 용산구 대사관로 41,,,동물병원 메이
907-7512,서울특별시 도봉구 시루봉로 59,,,사랑해요동물병원
02-2651-9953,서울특별시 양천구 은행정로 10,,,해성동물병원
02-544-7975,서울특별시 강남구 학동로20길 39,,,다정동물병원
02-6949-3038,서울특별시 서초구 강남대로79길 32,,,서초 이태형 동물병원
2058-1882,서울특별시 서초구 바우뫼로 211,,,에이블 동물병원
02-443-8083,서울특별시 송파구 마천로 264,,,오주동물병원
02-983-8575,서울특별시 강북구 솔샘로 184,,,사랑의 동물병원
02-6925-7021,서울특별시 강남구 삼성로133길 3,,,아이윌24시동물병원
02-400-8575,서울특별시 송파구 새말로 125,,,송파바로동물병원
02-417-3021,서울특별시 송파구 위례성대로 102,,,스킨앤이어동물병원
02-2203-7975,서울특별시 송파구 삼학사로 88,,,잠실베스트동물메디컬센터
02-874-3535,서울특별시 관악구 남부순환로191길 6,,,양지동물병원
02-6956-5259,서울특별시 송파구 양재대로 1164,,,엘리트 동물의료센터
02-2088-7775,서울특별시 송파구 오금로 147,,,샤인동물메디컬센터
2038-9980,서울특별시 도봉구 노해로65길 14,,,하비동물병원
02-889-0575,서울특별시 관악구 남부순환로 1747-1,,,형제동물의료센터
3473-8274,서울특별시 서초구 서초대로 108,,,내방동물병원
02-414-7588,서울특별시 송파구 올림픽로 88,,,희망종합동물병원
02-562-7959,서울특별시 강남구 테헤란로34길 26,,,우쭈쭈동물건강검진센터 역삼점